gNBId;MeContext
1050802;MT67T
1053019;PZ63T
1053764;PZ67E
1051045;PZ65E
1054978;PZ66E
1054971;PZ69E
1056990;MT6CE
1050735;PZ6FE
1054676;PU89E
1051193;MT72E
1053901;MT76E
1051572;PZ74T
1055507;PU92E
1053721;PZ7FE
1053657;PU96E
1053853;PU97E
1053513;MT82E
1054111;MT81E
1055169;PZ83E
1050126;MT88V
1051316;MT43E
1053772;MT46E
1053068;MT48E
1050828;PZ44E
1055821;PU63E
1055305;PU60T
1054109;PU66E
1051658;PZ4DE
1054108;PU64E
1055756;PZ4BE
1053720;PU65E
1054110;PZ4FE
1050699;PU69E
1051182;MT50T
1051003;MT57T
1053723;PZ56E
1054106;PZ58E
1053664;PU70E
1053762;PU71E
1056941;MT5DE
1055802;MT5FE
1055299;PU74E
1053084;PU77T
1054909;PU78T
1050951;MT64E
1053852;MT65E
1052221;MT20E
1053771;MT22E
1051752;MT28B
1050867;MT28T
1053481;PZ24E
1055489;MT2FT
1056304;PZ2EE
1054993;PU44E
1050990;PZ2AT
1053832;PZ2CE
1050766;PZ2FE
1051561;MT30E
1053655;MT31E
1056137;MT33E
1051025;PZ33E
1055315;PU50E
1053663;PU54E
1055207;PU55E
1053615;PU53E
1053550;PU58E
1055171;PU57E
1052027;MT01T
1053888;MT02E
1053856;PZ03E
1052035;MT08T
1053107;PZ01T
1053729;PZ08E
1055240;MT0BE
1053658;PZ09E
1053943;MT0CE
1053728;PU23E
1052931;PU21E
1053612;MT10E
1052988;MT13E
1053361;PZ10E
1053023;MT19E
1052233;PZ17E
1051880;PU31B
1051966;PZ1BE
1054531;PU34T
1051783;PU02T
1055083;PU03E
1054282;PZ88E
1053891;PZ86E
1054965;MT94E
1057035;PZ91E
1053229;MT96E
1053572;MT97E
1053141;PZ94T
1051693;PZ95T
1056978;PZ93E
1056367;PZ99E
1050832;BA13T
1051652;BA12E
1055295;BY76E
1050764;BA11T
1051394;LEC4E
1053414;BA10T
1051733;BA17E
1051661;LE21E
1053363;BA16T
1051926;LEC1E
1051628;BA15E
1051927;LEC1B
1050801;BA14T
1051784;TA87E
1053270;BR28E
1052963;BAB0E
1055320;LE1EE
1056765;BF02E
1054991;LE2EE
1051340;BA1BT
1056518;BF01T
1056413;BA1CE
1056279;BT98E
1051342;BA1AE
1051384;LE2AE
1054900;BR36E
1051562;BA19T
1052990;BH64E
1053124;LE26E
1052192;BA25E
1053236;BAC7E
1051351;BA24T
1056194;LE36E
1056588;BA23E
1051615;LE33T
1056719;LED4E
1050765;BA29T
1052224;LE32E
1053533;TK62E
1053731;BA27E
1055606;TK66E
1056329;BA21E
1051397;BAC3E
1053234;BA20E
1050773;BACDE
1054625;TA8EE
1051878;LE3AE
1051694;BY8FE
1050831;BY8DT
1050952;BKA5E
1050925;BA37T
1055351;BA36E
1054986;LZ13T
1055927;BA35E
1053067;LE47E
1056407;LZ12E
1050690;BA34E
1053119;BA39T
1052870;BA38E
1055406;LE42E
1053770;TK77E
1051155;BA33T
1056468;BY97E
1053062;BA32E
1053902;TA9FE
1056406;TA9DT
1051807;TA9EE
1054616;LE4AE
1056685;BY9CT
1055466;BA3BE
1056629;BY9ET
1051786;BA49T
1053182;BA48E
1052925;BA40T
1051566;BR5EE
1051343;BA45E
1053732;BA44E
1050771;BA42E
1051289;BH94E
1054159;TA3EE
1053177;BY33E
1052869;FAFFT
1051066;BT49E
1051348;FG76E
1054996;FG79E
1054893;FG78E
1056676;FA5AE
1053179;BH20E
1052927;FG80E
1053820;TA36E
1055233;FG82E
1055964;BT50E
1054155;BH24E
1050975;FJ03E
1056342;BT56E
1051209;BY3BE
1053538;BY3AE
1053269;BT54E
1051311;BYD9T
1053286;BY38E
1052928;TK09T
1051272;FG7EE
1053022;BYE4E
1056520;BH28T
1054609;BH27T
1054589;BY3FE
1056589;BY3EE
1055469;BH26E
1054604;FG85E
1051604;FG84T
1052025;FG86E
1053100;LX77E
1055862;LX76T
1056670;BYECE
1051790;FG92E
1051207;BT64E
1051800;LX75E
1053101;FG95E
1053180;TK12E
1051601;BT69E
1050829;BY4FT
1051602;LX71T
1053344;BYEFT
1055175;FG91E
1051884;BT67E
1053514;FA79E
1051392;FG8ET
1056593;FA74T
1051211;FA76T
1055404;TA4BE
1051286;FG9CT
1055480;BYF3E
1053143;BY51T
1055414;FG9FE
1053142;FA83T
1053024;FG9DT
1056280;FA85E
1053416;TA60E
1055291;BY58E
1056282;BY57T
1055294;TA64E
1052993;FG99E
1055298;BR08E
1053266;TK27E
1052172;BY5DB
1052171;BY5DE
1053333;BT77E
1051282;LX87T
1053265;BT76E
1051024;BH42E
1053001;LX85E
1053662;LX84E
1056000;BT79E
1051350;LX82E
1053736;LX81T
1055296;BR12E
1051837;BT78E
1051609;LE07E
1053766;BYFAE
1051727;BT70T
1052037;TK2AE
1052215;BT71E
1051353;LE02E
1052965;BA01T
1050883;LEB3E
1050989;FA96E
1051888;BRBAB
1053765;BAA1E
1051241;LE10E
1055268;FA97E
1051044;BA05T
1054678;BAA7E
1052992;LEB0E
1055407;BA04E
1056472;BRBET
1053549;BA03E
1051176;BY68T
1054280;BAA5E
1051393;TA70T
1050798;BA02T
1051570;LX89T
1055791;TA78E
1052219;TA78B
1053849;BR23E
1051924;BT88E
1055534;BH54E
1052960;BR21E
1055316;BR20E
1055997;BT86E
1053900;BA0FE
1052996;BR26E
1051844;BH59E
1056476;BR25E
1054982;BA09E
1055410;BA08E
1053125;BAA9T
1051208;BT80E
1055178;BA07T
1053432;LE19E
1052262;BA06E
1051407;BR1FE
1051156;LE18T
1050848;LEB9E
1052986;FA98E
1051377;BT85E
1055286;TK3FE
1051872;BT84E
1051391;LEB7E
1050974;LEB6T
1051963;FA1EE
1055952;BA9DE
1055239;FG36T
1053042;BT07E
1053851;BT06E
1051349;FA1AE
1051689;FA1AB
1051986;FG33E
1055832;LX15E
1051785;BT01E
1051778;FG31E
1051796;BA98E
1053045;BT03T
1050763;BK69T
1050850;BK70T
1050929;FA24E
1050790;BK72T
1055235;BT18T
1055179;FG45T
1053362;LX26E
1051234;FG46T
1051865;BT12T
1053153;BT11T
1051866;BT12B
1052985;FA2AE
1054535;FG43E
1053654;LZ88E
1054687;FG42E
1053146;BT10E
1053003;LZ87E
1052184;BT17E
1055482;FA38E
1054968;TA01E
1053551;FA39E
1051688;BYA9T
1053044;FAD6E
1051977;BT20T
1054525;FG4FE
1055752;TA03E
1056671;LX2DE
1051571;FA32T
1057026;LX2BE
1054524;FG4CE
1050965;BYA7T
1051879;BY05T
1050964;BYA4T
1053307;FA3FE
1051789;FG59E
1052966;BYACE
1053235;BK89T
1054908;FG55E
1050761;BYAAT
1053911;LX34E
1051347;BT22E
1051569;FG50E
1050923;BK99T
1050800;BYBAT
1052226;BK97E
1051040;BT31E
1052133;TA13T
1052023;FA42T
1050357;BYB5E
1050849;BY12T
1051576;FG5CE
1050830;BYB4T
1052890;TA19E
1055464;FG5FE
1053941;FG5AE
1056504;BYC3T
1052125;FG69E
1054156;BY21E
1056653;FA4DE
1053818;LX46E
1053329;FG60T
1053178;LX43E
1056250;FG62T
1051691;BT40E
1055917;BYCCT
1051213;FA59T
1052924;BT43E
1051252;FA54E
1053850;FG6FE
1051573;FA50E
1052926;FA52E
1051152;FA53E
1054611;BA58E
1053058;LZ34E
1055405;LZ32E
1051657;BA53E
1050866;BA51T
1051303;BAF2E
1051288;BK22E
1053238;BA54E
1056334;BA5DE
1051797;FG01E
1051179;FG03E
1052930;BK37E
1050791;BA6AE
1051928;LZ43T
1055236;BA65E
1053932;LE75E
1051253;LZ40E
1053145;BK36E
1050922;BK96T
1050772;BA68E
1054112;FGACE
1053553;FG08T
1051285;FG09E
1054605;LE7BE
1056130;FGA6E
1052873;FG07E
1051843;FG15E
1053552;BK48T
1055999;LZ57E
1051925;FG11E
1050683;LZ56T
1055409;BA7BE
1050692;BK43T
1056131;LE88E
1052929;BK42E
1052223;LZ53T
1051026;BK40T
1050691;BK47T
1054600;FG0FE
1050106;BK45V
1055319;LE92E
1052164;FG1EE
1051212;FA05E
1052162;BK50T
1055413;FG1BE
1053232;BR99E
1052113;FGB9E
1051210;FG19T
1051317;FA0CE
1053128;FG25E
1055885;FA0DE
1051976;FGC6E
1051575;FG27E
1053096;FGC9E
1053183;BA8FE
1053237;FG20E
1051346;FA0AE
1050973;FA0BE
1055915;LX01T
1053724;BA8CE
1052077;LZ66E
1053940;BK54T
1050799;BA88T
1056084;LZ65E
1050770;BK53T
1053102;BK58E
1056715;LE94E
1056257;FG2FE
1053767;FA14E
1055604;LZ70E
1055792;BA92E
1054157;FG2EE
1053619;FA10E
1053661;FG2BE
1050762;BK63T
1050851;BA97T
1051692;FG2AE
1051810;BK62T
1051574;FG2DE
1054158;LE9EE
1054985;FG06T
1051990;PAB3E
1056382;PY77E
1053338;TP5BJ
1051869;TPFDE
1053233;SRB2E
1051876;SR10B
1053039;PA16T
1051969;PW0ET
1052886;TP56T
1051972;TI0BE
1051198;CX09E
1051918;TPF5T
1050872;CX07E
1052947;SR0ET
1051725;PY71T
1055488;TP58J
1055523;PY73J
1055453;PXDBJ
1054526;TI06T
1051914;PAABT
1055911;PA0AJ
1056467;CT43E
1052137;RG6CE
1056718;LL87E
1055032;PA0CJ
1051072;CT49T
1053458;PW0BT
1056711;CTE8E
1051805;TPF0T
1052923;TPF1E
1051910;PAAFT
1055860;RG6FJ
1056187;CT47T
1052015;MH71T
1052016;PA06T
1053454;SR02T
1056231;PA09E
1052134;SR01T
1056306;PW09E
1053936;SR04E
1051410;TI02T
1051860;CTEAB
1054060;SR06E
1053620;SR05J
1051988;MH68E
1056247;TP49E
1052036;PA01T
1051438;PY67E
1055493;PW01J
1051359;PY66T
1053334;PA02T
1056006;PA03E
1052185;PW03T
1051724;PA05E
1056149;PW04E
1055497;TP44E
1051801;CT40E
1054228;EN71E
1056522;EN70T
1055594;PY62E
1052230;CT31T
1052189;CT33T
1053769;PXCAE
1051073;CT32T
1053515;CT30E
1054674;EN67E
1053434;EN66E
1051071;CT37T
1054069;EN65E
1056087;PX26E
1055180;AG9CJ
1053230;PY59T
1055461;EN68J
1054603;TP3DT
1051856;PYF2T
1053097;PYF3T
1053534;PY51T
1052243;PYF4T
1054274;TP37T
1055909;MH51E
1052041;PY56E
1051857;RG52B
1053063;PYF7E
1052879;PY55T
1054075;PYF8E
1052945;RG54T
1054679;TP31E
1053306;TP32E
1056697;CK91J
1054533;TP30E
1055101;AG97E
1052045;TP36T
1052042;PYF0T
1055864;MH57T
1051993;PYF1T
1050905;TP34T
1053675;CK86J
1053484;CT20T
1056483;EN55E
1055818;CT23T
1051052;CT28E
1053287;TPCBE
1051851;PYE9T
1054688;PX15E
1053969;RGE6E
1051014;CT29E
1050255;EN57E
1056546;AG8DE
1056193;PX16E
1054914;RGE8J
1053476;TP2CT
1051858;AG8FT
1054912;PX17T
1051230;RG49T
1051859;AG8FB
1052114;PY40E
1054913;TP26E
1054189;PY42E
1055602;MH42E
1051971;RG41T
1053016;PYE5T
1052918;PYE7T
1053571;AG81E
1055483;CT1DJ
1055485;AG82J
1055908;MH47E
1053742;AG85E
1053674;MH45E
1055474;AG76J
1056246;TP1EE
1053388;EN41E
1056186;CT10T
1054599;RG3AE
1051864;PYD6T
1052991;PXA3E
1056597;CT16T
1052909;PYD7T
1050930;CT17T
1056183;AG7BT
1051756;PYD9T
1053455;AG7AE
1054980;PX05J
1050881;CT15E
1052044;RGD8T
1055177;AG7DJ
1052885;RGD9E
1056150;PXA9E
1056146;CT18E
1055499;CT19J
1056405;SR52E
1055238;TI52J
1053659;SR51T
1055963;PA59E
1053796;SR54T
1053175;ME26E
1055323;MJ0EJ
1055601;ME27J
1055468;ME25J
1054268;ME22T
1055096;TI54J
1052257;SR58T
1052878;ME23T
1056693;PX83T
1053137;CX4EE
1053574;PA53T
1050203;PA54E
1056002;PA55J
1053291;CX4CE
1051798;PA56T
1056223;CX4DE
1052231;CT98T
1054165;MJ06E
1052259;TP96T
1053579;MJ03T
1052012;MEBFE
1056466;MJ04E
1051373;TP98T
1051862;PX80T
1053899;ME21E
1054217;TI46T
1052251;CX44E
1056225;CX45E
1054527;MJA9E
1054225;CL11E
1054064;CL10T
1052204;PA4FE
1051245;CL03T
1053275;ME16E
1056171;PA47E
1052953;PW46E
1054281;TI41T
1054534;TP8BE
1053798;CLA4E
1056092;ME15E
1056986;PA49T
1055445;CL08J
1053285;ME12T
1055595;TI44T
1050680;CL06E
1055557;ME10J
1054076;CL07E
1056229;ME11T
1051042;CX39T
1056627;PAE0E
1053290;SR3FT
1056553;CT84T
1053486;CT81T
1052011;PA41E
1052989;PA42E
1052234;PA43E
1055962;CX3BE
1050882;CT86T
1055289;ME19J
1055318;CX2EE
1053609;ME0AT
1054275;SR36E
1051917;TI35E
1051877;TP80T
1056691;CT7EE
1056950;SRD0E
1053478;ME04T
1054063;RG96E
1056465;ME05T
1056338;SRD2E
1053672;ME02T
1056744;CT6FE
1052907;PA36T
1051874;PA37E
1053498;TI32T
1052131;PA38T
1056003;SR31E
1056585;CX26E
1055041;SRD5J
1055569;MH98E
1053345;PY90T
1051853;PY92B
1050860;CT70T
1052123;PY94T
1054904;PA30T
1055757;PA31J
1051793;ME09T
1053387;CT76T
1055530;PX65J
1052872;CT74T
1055912;PA33E
1056266;ME07E
1056190;PA2BE
1053140;TP71T
1055528;PW2AJ
1053360;PA2CJ
1054910;PA2EE
1056302;SR25E
1057056;PW29T
1056148;MH96E
1052997;TI23E
1054229;SR29E
1052183;TI29E
1055297;SR28E
1056547;MH92E
1056722;PXFCT
1053739;MH90E
1052211;PX56E
1054907;PA24T
1052232;PA25E
1053946;PX57E
1057060;CT5ET
1056586;PA26E
1056189;SR20E
1054220;TP6DJ
1051645;PX58T
1056147;MH88E
1051989;PA27T
1053347;SRC3E
1051183;PA29T
1052866;EN90E
1051593;CX18T
1056198;PY80E
1052188;PY82T
1056197;PAC0E
1051439;RG80E
1056305;CT62E
1055300;PX51T
1056639;CT61T
1051916;PY84T
1053176;PA20T
1054226;CT63E
1052865;RG81T
1051806;PY86E
1051617;EN91E
1051442;PY85T
1051000;CT57E
1054974;CTF6J
1055269;CT54T
1055532;PA1DE
1053573;PA1FE
1051217;CT58T
1055553;TP62E
1051868;SR12T
1057061;PA18T
1053622;SR13J
1053790;SR16E
1053036;TI17T
1055095;CT5CE
1054689;TI14E
1055014;CX8AT
1056426;CX8BE
1055306;CX8CJ
1055089;SR92T
1055527;PA98J
1053793;AG2FJ
1054219;TI92T
1056181;PA99E
1051436;PW99E
1056944;CX8FT
1052190;TI93T
1053979;MJ52E
1056524;ME60E
1055174;PW91J
1055865;PW92J
1051915;PW93E
1053057;AG21E
1056717;MJ49E
1053677;AG23J
1053792;AG26E
1056128;CK22T
1051429;CX89T
1053791;AG25E
1053903;AG28E
1056226;ME66E
1052984;CL53T
1056095;MJ4BE
1056094;ME64E
1056089;MJ4CE
1053799;ME63E
1052169;CL49T
1056774;PA8AJ
1053597;PA8EE
1054055;ME59E
1057053;AG1DE
1053475;TI81E
1054973;ME5EE
1053947;AG1FJ
1056626;ME5FE
1055103;TI84E
1055017;PW89E
1055325;MJ39J
1052868;PA80T
1057054;PA82E
1052108;CX73T
1056481;CL40T
1055754;PW82J
1055092;AG11T
1053480;AG10T
1055998;PA7DE
1057052;PA7EE
1055234;MJ3EJ
1051426;CK11T
1051871;CL42B
1056383;SR7AE
1053580;ME54E
1053241;CL41T
1055495;ME55E
1051870;CL42T
1056055;SR7CE
1055439;AG18J
1056079;AG17E
1052229;CL48T
1052867;ME50T
1051799;SR7EE
1053173;CK12T
1051258;CX79T
1055789;SR76E
1054891;AG09T
1054972;CK08J
1052241;TI75E
1056696;PA7BJ
1053673;ME46E
1055452;MJCFJ
1056684;ME4EE
1056144;ME4FE
1051855;PA75T
1053099;SR70T
1055321;ME4DJ
1051802;PA76T
1056337;MJ32E
1052010;PW76T
1052182;SR72E
1053730;AG0EE
1054892;MJD1T
1054160;PW79E
1056982;CX60T
1057098;PW71E
1055237;PA73E
1053056;CX65T
1052107;AGA2T
1056093;ME45E
1050997;CX63E
1054267;SR6AE
1054230;ME40E
1051792;CK02T
1056461;CX67E
1055521;AGA8J
1050852;CX58T
1055787;MJ1FJ
1053059;ME38T
1052875;CL25T
1051445;SR65E
1053139;SR69E
1053889;ME36J
1055416;TI69E
1053608;ME37E
1056185;MJ1CE
1055220;CX5AE
1053304;PW65T
1055526;PA67J
1055022;SR62E
1056511;PA69E
1055173;CL1DJ
1054273;MJ16T
1053763;MJB5E
1051053;CT9BE
1056182;MJ13E
1051852;CT9CE
1055494;MJ11E
1054284;MJ12E
1055094;CX53J
1055509;CL21J
1056335;ME33E
1054602;CT9DE
1051913;MH31E
1055091;AG6FE
1056427;MH32T
1053536;TP16T
1055603;MJ98E
1053598;MJ95T
1055457;TP14J
1055522;PY32J
1056988;PYD3E
1051654;PYD4T
1053017;TP17T
1055910;MJ91J
1051968;RGD3E
1052132;RG30T
1055552;TP11E
1054606;RG2FE
1051714;TP12B
1051994;TPB0T
1052905;MH34T
1052999;TP10T
1055451;MJ8FJ
1053680;RG28J
1050988;CK64E
1051861;MJ8DB
1054285;TP0BE
1055301;MJ8EJ
1050884;CL99T
1054286;EN31E
1056512;CTA1T
1054598;PY22T
1053122;RG21E
1051854;PYC5T
1055961;CT05E
1053904;RG23J
1052987;CT02E
1051850;PYC7T
1050787;CT03T
1050149;RG22E
1052186;PY26E
1050747;RGC4E
1056776;TPAAE
1054164;CTA9T
1053872;PYC8E
1055977;TP0AE
1056051;RG27E
1053340;CTA8T
1055560;MJ86J
1055326;TP01J
1055442;MJ83J
1054969;AG5ET
1053339;TP02T
1051033;TP07T
1052022;PYC0T
1053305;TP09E
1054074;MJ80T
1052034;PY21T
1053577;MH23T
1056086;MJ89E
1051655;MH24T
1054970;MH21E
1056097;MJ88E
1055232;AGF5J
1054977;RG17E
1054271;ME96E
1053136;PY19T
1052944;MJ7EE
1053578;MJ7DT
1054276;MJ7CE
1053576;AG55E
1051434;ME93T
1052252;MHB9M
1053417;MH17T
1053015;PYB2T
1052126;PYB3T
1051803;PY12E
1056052;RGB0E
1052038;PYB4E
1055498;RG11T
1053909;MHBEE
1053611;PYB5T
1051186;CK58E
1051992;PY13T
1054231;RG10E
1052040;PYB6T
1053453;RG13T
1052043;PYB7E
1051794;PYB8E
1054692;EN25E
1053535;PYB9E
1056777;AG4BE
1056264;AG4AE
1052935;AG4FT
1052237;PYB0T
1053116;MHB8E
1053115;MHB7T
1051970;MHB4T
1053253;MJ77T
1055185;AGF0J
1053518;MH12T
1053013;MJ78T
1054054;MHB3T
1054915;MJ75E
1053610;MHB2E
1053094;MHB1T
1051804;PYA8E
1050251;AGE1V
1051754;ME82E
1055285;AG43J
1056484;ME83E
1053350;RG06T
1053914;MHA9T
1051967;MH08E
1053118;RG08E
1051224;CK41E
1056379;AG47E
1052880;PYA0T
1054216;MHAFT
1055168;EN10J
1052994;PYA1E
1051875;PYA2T
1053093;CL78T
1053060;PYA4T
1051849;MHAAT
1054022;RG01T
1053437;PY03E
1052995;PYA5T
1055551;MH0AE
1051873;ME89T
1057106;RGA1T
1050904;EN14E
1053121;PYA6E
1052187;PYA7T
1056551;RG02E
1052138;EN12B
1055293;ENA8J
1053768;MJ62E
1056381;EN06E
1056692;MJ60T
1056192;CX9AE
1056683;CX9FJ
1052009;CL6ET
1055314;AG3CE
1054269;EN09E
1051435;MJ67T
1052906;MHA0T
1053681;ENACE
1053669;MJ63T
1053797;AG40E
1055827;AGD1E
1053794;AG36E
1056049;AG35T
1053795;AG39E
1053172;CL66T
1053035;ME79E
1055322;ME76J
1054920;EN02J
1054089;CA51E
1054084;CAF2E
1054212;CA57E
1056408;CA58T
1053499;CAF5E
1056610;CAF6E
1055824;CG6FE
1054204;OG09E
1055929;CAFAE
1051295;OR08E
1053245;CG71E
1057170;OG07E
1054203;OG01T
1051281;OR01E
1054899;OG02E
1055895;OT64E
1052225;CG78E
1055458;OT68E
1056067;SU19T
1053089;OT69E
1050953;OR03E
1053246;OG04E
1052977;SX97E
1053358;OT51E
1052974;SX99E
1054081;CAE9E
1051893;SX94E
1055257;CA47E
1053242;SX95E
1056332;DM11E
1055081;CA41E
1055256;SX90E
1055353;CAE4E
1052894;CA44E
1053974;CAE5E
1056543;DM18E
1051051;CG61E
1056333;DM14E
1055857;DM13E
1051158;CG67E
1051894;SX9EE
1052976;OT52E
1051812;SX9FE
1052168;OT53E
1053652;CA4BE
1054953;CA4CE
1054686;CAEFE
1053343;SX84E
1051683;SX85E
1055586;CG49E
1054896;CAD7E
1055892;SS9CE
1055592;CA35E
1052089;CAD8E
1053686;CA36E
1051294;CA30E
1056068;CA31E
1053919;CG4CE
1053892;CA32E
1054080;CAD3E
1052154;CA37E
1055900;CA38E
1051041;CA39E
1056325;CG56E
1055751;CA3EE
1051558;CADFE
1054582;CA3FE
1053052;CG58E
1050968;CG57E
1053897;OT46E
1056069;CG51E
1056294;CADBE
1053896;CADDE
1055901;SX78E
1055511;CABEE
1055768;CGD9T
1053226;CA21E
1053400;CA22E
1054926;CG3BE
1052001;CA23E
1054213;CG3AE
1054683;CA20E
1055745;CAC1E
1054133;SS99E
1056577;CA25E
1051268;SS95E
1057096;CA26E
1054590;SS98E
1056699;CACDE
1051610;CA2EE
1053112;CACFE
1053090;OT32E
1053071;CACBE
1053813;NU2CT
1051909;CA95E
1200153;CA96E
1051739;OR43B
1055778;CI05E
1055020;NU28E
1056366;CI03E
1053893;NU31E
1050912;NU30E
1053737;NU36E
1052194;NU34E
1055960;OR4CT
1052165;CA9FE
1050265;OR49E
1054052;NUBDE
1055744;NUBBE
1053335;NU1AE
1052118;NU15E
1052119;NU15B
1052217;NU16E
1051326;OR2CE
1051269;OR2DE
1053227;OT90E
1056040;NUB9E
1055072;NU18E
1052946;NU19E
1052981;NU20E
1051027;NUC0E
1053761;NUC5E
1054921;CA8AE
1051361;NU21E
1051011;NU22E
1053511;NUC4E
1054521;CA8DE
1056530;CA91E
1056457;OR34T
1050263;OR34V
1053814;CA90T
1051895;NU1DE
1053359;NU1EE
1055190;OR20T
1051811;NU0AE
1051322;CA71E
1056038;OR1CE
1054079;NU04E
1056678;OR1AE
1051387;NUA4E
1056698;NU07T
1051221;CA77E
1051328;NU08E
1051735;NU08B
1050981;NU09E
1054551;CA79E
1057048;NU05T
1052242;CA7CE
1056363;CG95E
1052201;CG97E
1056686;NU11E
1056611;NU12E
1056039;NU10E
1051813;NUAFE
1055354;NU0EE
1056085;OR22E
1053898;OG23T
1056554;OR28E
1053473;NU0FE
1051292;OR27E
1056082;OG28E
1051762;OT70E
1054090;SU25E
1053459;SU26E
1054587;CA63E
1055075;CG7EE
1053342;CG7DE
1054583;SU21E
1057009;SU22E
1051388;OT72E
1055819;SU24E
1051318;OR0AE
1050879;CA69E
1056142;OR0FE
1055562;SU2FE
1200155;CA6DE
1054210;SU2BE
1055372;SU2DE
1055858;SU2EE
1051227;OR12E
1054214;OG13E
1051766;OT76E
1056434;OR11E
1051344;OR17E
1056365;OR14E
1054134;OG15E
1053817;OG16E
1053596;SXC0E
1051736;SS39E
1051418;SS35E
1052255;SX1CE
1051049;SS36E
1053617;SXBFE
1051345;SS31E
1054586;SS32E
1056370;OR82E
1051999;SS33E
1056996;SS34E
1054086;SX1BE
1054078;NU79E
1055189;NU78E
1051740;SX24E
1051195;SX25E
1053812;NU70E
1056594;NU75E
1056036;OR8EE
1053243;NU76E
1051565;SX22E
1052018;NU74E
1055587;NU5DE
1054137;SS27E
1053130;SXAFE
1055277;SSC9E
1056035;SS28E
1054088;CI32E
1052893;SXABE
1051012;SS23E
1051922;SS24E
1051327;SX0CE
1051555;SS26E
1053073;SXAEE
1055896;SSC1E
1054952;NU5CE
1050954;OR73E
1050292;SS21E
1051293;SS22E
1055585;NU67E
1055893;SSD0E
1050913;NU66E
1056748;SX12E
1056172;SX14E
1053293;NU63E
1055749;OR7CE
1053624;OR7BE
1052245;SSCAE
1053975;NU64E
1053623;OR7DE
1054895;SSCCE
1053192;SS19E
1055078;CI21E
1054519;NU4EE
1053419;SS15E
1053168;SS16E
1056482;OR69T
1051763;SS17E
1051737;SS18E
1051031;SS11E
1054580;SSB4E
1050999;SS13E
1056564;SSB5E
1055558;SSB6E
1053973;NU4AE
1052980;CI28E
1054138;SSB2E
1055280;SX08E
1055894;OR6EE
1055082;NU53E
1055019;NU54E
1051764;SX06E
1055462;NU57T
1050978;SXA8E
1051540;SX07E
1050966;SXA2E
1054135;SSBDE
1054042;SXA4E
1051194;SX03E
1054951;NU51E
1054039;NU52E
1053474;NU50E
1051416;SS1AE
1056436;SSA9E
1055080;NU3CE
1052246;SS09E
1051953;NU3AE
1055074;SSA5E
1056331;NU3FE
1055478;SS04E
1054925;SSA7E
1054083;NU3DE
1053866;SSA8E
1053819;NU38E
1054131;SS02T
1056293;CI14E
1056410;CI13E
1051973;NU41E
1055352;SSAEE
1056037;NU46E
1055928;SSAAE
1055473;SS0CE
1055077;SS7EE
1052092;SS7FE
1056633;CG29E
1051185;CG24E
1056433;CGC8E
1056513;CGC6T
1052891;CG25E
1054140;CAAFE
1050967;CG2AE
1052087;CA11E
1056083;CAB2E
1056464;CA12E
1054040;SS87E
1054954;CAB9E
1054685;CA17E
1051741;SS88E
1051169;OT27E
1051738;SS89E
1052153;CA19E
1052979;CA13E
1055898;CA14E
1052167;CG2DE
1055253;SS84E
1054927;CAB7E
1051765;OT28E
1055817;CA15E
1053225;CA16E
1054051;CG31E
1050878;SS80E
1051557;CABCE
1052175;CABCB
1052000;CG30E
1055018;SX53E
1055279;SS6DE
1055591;CGB7E
1056462;SX54E
1054897;CG12E
1051249;CGB3E
1053806;SS6AE
1052020;CGB6E
1055544;SS6BE
1051577;NU9FE
1051043;OT08E
1054087;CAA0E
1052244;NU9DE
1054644;CAA2E
1054211;NU9EE
1054132;CAA1E
1056081;SS69E
1053895;SS76E
1052892;CAA8E
1056330;CA07E
1051151;OT12E
1051184;SS78E
1054591;CA08E
1053244;CA01E
1055596;CA02E
1051998;CA03E
1056141;CG1EE
1055044;SX5AE
1055447;SS73E
1051930;CA04E
1050969;SX5BE
1055254;CGC2E
1051974;CG22B
1055371;CGC4E
1051047;SX56E
1051556;OT10E
1054141;CG06E
1055746;CG05E
1054082;CGA7E
1053980;SS5EE
1052919;CGA1E
1054077;CGA4E
1053228;CGA3E
1056143;NU8DE
1055079;NU8BE
1053472;CG08E
1055575;SX3CE
1053129;CG07E
1056714;SS57E
1055460;SS58E
1050979;CG09E
1056655;CGAFE
1051923;CGAEE
1055989;SS64E
1051592;SS66E
1056463;NU9BE
1051157;CGAAE
1050868;OT07E
1055418;NU9CE
1051250;OT04E
1054041;SS61E
1053169;SS62E
1054585;NU9AE
1050980;CGB0E
1053308;CG10E
1056624;NU99E
1054520;SS5FE
1056369;NU98E
1051032;SSECE
1050998;NU80E
1055510;SX2EE
1053586;NU7BE
1056737;OR93E
1051168;SS48E
1051389;SS49E
1052213;SS43E
1054967;OR96T
1052019;SX2AE
1053292;SS44E
1052021;SX2BE
1057039;OR97E
1051945;SS46E
1053918;NU7EE
1056570;SS52E
1055470;NU89E
1054577;SS53E
1055417;SS54E
1053894;NU8AE
1054924;NU84E
1056255;NU81E
1051050;SX39E
1054898;NU87E
1055076;NU88E
1053072;SS4FE
1050649;RC48T
1055310;RC46E
1052155;ZC56T
1055015;RC4DJ
1053857;VV46E
1053284;RC37E
1056824;RC35E
1050741;RC33T
1053365;RC32E
1053978;ZC50E
1053805;ZC43E
1055331;RC3EE
1053908;VV34E
1051841;CZ15B
1051734;RC6ET
1051218;CZ17E
1051716;CZ19T
1054693;ZC81E
1055548;SC06T
1051656;RLA9T
1056584;RL07E
1050777;SC04E
1055090;RLA5E
1050275;CZB2T
1052200;ZA21T
1055312;CZ10J
1055559;RLA1E
1052227;CZ12E
1055311;RC65T
1055448;RC77J
1056628;ZC78E
1051647;RC72T
1056583;RC70T
1052136;ZA16T
1056596;CZBAE
1054163;CZA6T
1055513;CZA5T
1051331;CZ07T
1051329;CZA7T
1051616;CZA8E
1051984;CZ08T
1053854;ZC70E
1054695;ZC74T
1055449;RC54E
1055332;RC62J
1051845;RC61E
1051713;ZA03T
1056213;ZA09T
1053337;CZ0AT
1055492;CZ38E
1056694;RL2AE
1051265;CZD2T
1055016;CZ30E
1055088;CZD1T
1051191;CZ33T
1056240;ZA40T
1052884;CZ35T
1053670;ZA39E
1055242;CZE0T
1051965;ZC9CE
1051863;ZC9AE
1050253;CZ40T
1054162;CZDCE
1057012;KS02T
1055333;RC93E
1053438;CZ3DE
1056400;RL2FT
1053804;CZ3FE
1054071;KS01T
1050642;CZ29T
1053671;ZC93E
1053800;RC7AT
1051791;RLB8T
1053404;CZ20T
1054058;CZC4T
1051642;CZ22T
1053439;CZ25E
1053034;ZA25T
1051266;ZA26T
1051890;RLC1E
1053746;ZA29J
1055525;RC82J
1053668;CZ2CE
1050744;SC4CE
1051430;CZ54E
1056184;CS0CE
1053734;CZF7T
1051408;KS1AT
1053667;CS0EE
1051889;RL49T
1056129;CS0FE
1055760;RLF8E
1054272;CZ61E
1056228;KS2AT
1054979;RLF6E
1055479;CZ63E
1055329;KS28E
1051867;RLF0B
1051015;RLF0E
1052115;KS22T
1051594;KS23T
1051441;KS25E
1053862;CS17E
1055241;CZ43T
1051618;ZA55E
1051846;ZA55B
1056235;RC9BE
1053517;CZ46J
1050719;SC36E
1053801;CZ49T
1055496;CZE9T
1055243;RLD7E
1056080;CS08T
1055244;ZA49E
1050774;SC42E
1051708;RL42T
1050157;CZ51E
1051653;KS19T
1055328;CZ52J
1055598;CZF4E
1053113;RLE0E
1053581;CZ4DT
1053114;SC3EE
1056336;RL3FE
1051788;CZ7AT
1055455;KS42J
1054283;CZ7BE
1051619;ZA82T
1051271;CZ7CT
1055519;KS46J
1051299;CS31T
1051697;CZ7FE
1051751;ZA86T
1051892;ZA84E
1051261;CS34E
1054059;CS2DE
1051706;CZ78T
1057136;KS4CE
1053629;CZ85T
1054061;SC77T
1055959;CZ87T
1053483;RL75T
1053631;RL73T
1053171;RL71T
1055245;KR13M
1053630;KR15T
1050498;CZ6AJ
1054062;SC5DE
1055454;CZ6BT
1051440;ZA71T
1051620;CZ6EE
1050742;RL5AE
1051244;ZA77T
1055097;KS3AJ
1055508;CZ70J
1055518;CZ72E
1051621;RL64T
1055599;KR07J
1054277;CZ6FT
1052146;KR08E
1054073;CS25E
1054918;KR35E
1056191;KR37E
1055070;CS53E
1053014;CS56E
1051432;KR33E
1051431;KR32T
1056269;RL8FT
1051701;CZ8CT
1051731;KR23B
1051730;KR23E
1056050;KR24E
1053944;CS42E
1051257;CZ8FT
1055831;CS45J
1053366;SC7CJ
1051732;KS5FT
1051427;CS4AE
1055605;KS5AJ
1053346;SC89E
1051643;KS5CT
1056430;RL87E
1055456;SC84J
1054916;CS49E
1055450;KR25T
1055419;KR27E
1051259;CZ92T
1054065;CS75T
1054223;CS74T
1053855;RC08T
1053479;VV04T
1051715;ZC1BT
1056188;KS86T
1055334;RC04E
1054201;CS72E
1051446;ZC12T
1055529;ZC10E
1051848;ZC11E
1055531;KS8CE
1053267;ZC15E
1051330;ZC18T
1053977;CS63E
1051332;CS68T
1053702;CS67T
1054554;SC9CT
1051887;CS62B
1051433;KS7FE
1056709;ZC07T
1053802;VV27E
1055309;RC29J
1053264;RC26E
1054919;RC25E
1056607;RC24T
1053945;RC23E
1053356;RC21T
1053735;CS93E
1051646;RC2FE
1054070;CS9DE
1055330;RC19J
1053733;VV17E
1052199;VV16E
1051659;VV18T
1056478;RC15E
1055308;RC13J
1054610;RC12E
1055759;RC11T
1051409;KS91T
1050260;CS86E
1051842;RC1FT
1051710;VV13E
1051962;LEC9T
1050040;GY14V
1051146;GY15E
1054659;SVC7E
1055672;GY14E
1050041;GY16V
1050856;GY17E
1055694;GY16E
1052028;IM2CE
1055656;GY11E
1053883;SPAFT
1053922;GY13E
1050038;GY11V
1056792;SV27E
1050468;GE75V
1055658;GE75E
1053509;SP10E
1050993;GE70E
1051145;IMC9E
1051611;SPB2V
1054651;IM25E
1055996;SVCAE
1051678;IM25B
1051589;SV1CE
1054200;SVBEE
1054244;IMD5E
1053568;IMD3E
1054653;IMD4E
1053650;SVBFE
1052149;SP04E
1052150;SP04B
1055887;IM30E
1053949;SPA7E
1053082;IMD0E
1053921;GY19E
1051996;IM2FE
1054657;SV13E
1055941;SV11E
1055942;SV16E
1053502;GE67E
1055624;SVB6T
1051773;SVB6V
1054929;GE61E
1054642;GE60E
1050890;IM14E
1054119;IM22E
1054503;IM20E
1053640;IMC2E
1055622;SV0CT
1053461;GE6CE
1051648;SV0CV
1050947;SVB0E
1055886;GY08E
1051235;GY38E
1053331;SP2DV
1050471;GXA9V
1055649;GXA9T
1050464;GXA8V
1055689;GXA8T
1050466;GXA3V
1055688;GXA3T
1054199;IM4DE
1053420;GX01E
1051401;GX03E
1054198;IM4AE
1055661;GXA1T
1050465;GXA1V
1050503;GE93V
1051768;SP34E
1055686;GE93E
1053132;IM59E
1055010;SP27E
1053821;SP24E
1050049;SP24V
1055936;GY3EE
1050418;GXABV
1055682;GXABT
1054175;GY3DT
1051641;GXAEV
1050467;GXADV
1055642;GXADT
1055650;GXAEE
1054243;IM54T
1050195;GXAAV
1055678;GXAAE
1050583;GE9DE
1053920;SP1EE
1051767;GY27E
1055264;SPBFE
1056901;SV36E
1050610;GY25V
1057028;SPBDE
1054930;IM3DE
1053166;GY23E
1051402;GY22E
1055633;GY25E
1050776;IM3AE
1050043;GY20V
1055663;GY20E
1053077;GE82E
1050555;GE81V
1053501;SP23E
1054931;SP20E
1054242;IM38E
1054658;SV3BE
1054654;SP14E
1054655;SP15E
1056161;SP13E
1053712;SPB8T
1055741;GE8FE
1056030;SPBBE
1055891;SVD4E
1050510;GX29V
1055652;GX29E
1050448;GX25V
1051771;SV6AB
1051267;GXC7V
1051205;GXC7T
1054643;GY59E
1056308;GY57T
1050887;GX28E
1050855;GXC8T
1055263;SP54E
1053595;GX21E
1050915;GXC2T
1055937;IM6BT
1053822;GX23E
1050476;GXC4V
1055617;GXC4T
1055995;SP56E
1050914;GXC1T
1050675;GY52V
1055775;GY51E
1055677;GY52E
1055695;GY60E
1050048;GY60V
1055049;SP49E
1050615;GX2FE
1050888;GXCFT
1050619;GXCCE
1051400;SP4CE
1050435;GXCEV
1055645;GXCET
1051948;GXCAV
1055621;GXCAE
1056029;SP4EE
1055637;GX18E
1053007;GXB9T
1050035;GX18V
1055262;IM5ET
1052895;GX14E
1050047;GY45V
1050702;GXB4V
1055654;GXB4T
1052032;GXB6T
1050679;GXB0V
1050508;GXB1V
1055634;GXB1T
1055648;GXB0T
1050645;GY42E
1055659;GY45E
1054122;SP41E
1050483;GXB2V
1055644;GXB2T
1052031;GXBET
1052198;GXBBE
1056902;SV50E
1055129;SW83E
1052151;GXBCE
1051370;SV51E
1051262;IM60E
1053878;SV57E
1053164;GXEAE
1056011;SV8FE
1051030;GXE7V
1055632;GXE7T
1051403;GY78E
1051840;SP75V
1055635;GXE3E
1050505;GXE2V
1050506;GXE1V
1055674;GXE2E
1053008;GY77E
1055618;GXE4E
1050434;GXE3V
1050504;GXE4V
1055888;IM8CE
1051640;GXF0E
1053705;GXF3E
1050449;GX4EV
1054656;SP6EE
1051190;GXECT
1050928;IM95E
1056009;GX4DE
1050456;GXEDV
1055693;GXEDT
1050475;GX4CV
1055628;GX4CT
1050472;GXD9V
1055692;GXD9T
1054928;SV7BT
1050616;GXD8V
1055691;GXD8T
1055690;GXD5T
1050539;GXD5V
1051637;GXD7T
1050417;GXD6V
1055680;GXD6T
1055994;IM7EE
1050422;GXD0V
1050600;GY62E
1054514;GXD0T
1055630;GXD1T
1050598;GY62V
1055696;GY61E
1050411;GY61V
1050480;GXD1V
1050857;GXE0V
1055625;GXE0T
1055655;GXE1E
1054660;SV72E
1051638;GXDEV
1055646;GXDET
1052253;GXDDT
1056199;IM88E
1050509;GXDAV
1055636;GXDBT
1053716;GX3AE
1050474;GXDBV
1050425;GX6AV
1054648;GX6BE
1053425;SP94T
1055679;GX6AE
1051367;GY98E
1052240;SP8DT
1055619;GX6FE
1050502;GX6FV
1053637;GXFBE
1054118;GXF8E
1053201;GXF4E
1053707;GXF7E
1056132;GY91E
1053165;GXFDT
1052148;GE10B
1050423;GX8EV
1050054;GEB1V
1055665;GE10E
1050424;GX8DV
1055651;GX8DT
1055684;GX8ET
1050051;GE10V
1050469;GX8AV
1055687;GX8AT
1050470;GX8CV
1050482;GX8BV
1055668;GX8BT
1055664;GX8CE
1050576;GX97V
1055631;GX97E
1051905;GE18E
1054191;GX91E
1055685;GE19E
1050024;GE19V
1053706;GE14E
1053927;GEB5E
1050479;GX7EV
1050460;GX7FV
1054649;GX7FT
1055048;GX83E
1050618;GEA8E
1050021;GE01V
1056963;GE02E
1056614;GEA3E
1055638;GE04E
1050614;GE04V
1053005;GED5E
1050192;GE34V
1055647;GED2E
1050031;GED2V
1055515;GE3CE
1050859;GE3DE
1053163;GE3ET
1056615;GEDAE
1050055;GEDBV
1055627;GEDBT
1050032;GED9V
1055662;GED9E
1050463;GX9FV
1050577;GE23V
1050650;GE24E
1054888;GE23E
1054584;GEC5E
1050481;GX9CV
1055626;GX9CT
1055671;GX9FT
1053882;SW05E
1055774;SW06E
1050421;GX9AV
1055620;GX9AE
1055134;GE26E
1050028;GE26V
1055623;GE25E
1050027;GE25V
1054646;GE57E
1055267;SV04E
1051904;GE52V
1053167;IM09E
1055260;GEF6E
1053083;SV08E
1056956;SV09E
1054515;SV06E
1055653;GE52E
1055186;GE51E
1055743;IM10E
1055187;GEFDE
1055047;GEFCE
1054139;IM0EE
1051548;GE42E
1054024;FB12E
1055683;GE4CE
1050507;GE4CV
1050586;TOF6T
1054127;TYC2T
1056061;TO55E
1053718;TJ6EE
1050911;TY20E
2100029;TO53V
1052862;TYC1E
1055938;NO8DE
1054260;TYC0E
1050621;TO59E
2100098;TYC6V
1054293;AO4DE
1055615;TYC6E
1056419;THADE
1055848;TO56E
1053075;AT2BT
1056785;TYC8E
1051632;NO91E
1051685;NO90V
2100091;VC74V
1053471;VC74E
1055004;NO93E
1051679;TH11E
1053950;TOFFT
1053462;TOFDE
1054188;NO95E
1053157;AO42E
1050893;TJ78T
1051901;THB4V
1050804;TH13E
1053202;AO41E
1054633;CN59E
1052094;TYD1E
1053648;TB02E
1051635;TYD3T
1053469;NO9DE
1056015;THBCE
1056169;TO66E
1055723;TB01E
1051636;TYD4E
1051902;TO65E
1055266;TY37E
1053424;TX04E
1054938;TXA6E
1053864;TX04V
1053756;CNF1E
1051772;AO3BE
1055007;TX02E
1054208;TYD7E
1053468;TB04E
1053009;TX01E
1054147;TYD6E
1053352;TB09T
1055002;CN4BE
1055849;TX08E
1055880;TB08E
1054053;AO34E
1053212;TB07E
1056447;THC1E
1056565;CNEFE
1052904;CNEEE
1054144;AT1EE
1055949;TO6FE
1055517;VC85E
1050562;TH21T
1054296;CN49E
1056386;TB0FE
1055943;TB0EE
1050567;THC8V
1055698;THC8T
1054261;TH27L
1050566;TXAEV
1055805;TB0DE
1054887;TB0CE
1051200;TXACT
1053505;TY3EE
1054501;CU8FE
1056203;AO2AE
1055582;CNE1E
1055412;TO75E
1056156;TB10E
1052902;TJ8EE
1051274;TYE2E
1056115;TO74E
1054183;CN45E
1056320;TYE1E
1055806;TJ8CE
1053031;TO31E
1054250;TJEAE
1056108;TJ4FE
1056163;TO35E
1055969;VC4CE
1055837;AT57E
1055035;AS24E
1052943;TJEFE
1051613;TOD5E
1050653;AS22E
1055131;TO39E
1050794;TY05T
1054292;TYA7E
1055932;AS1FE
1056167;TO37E
1056907;TO36E
1053510;AO69V
1055735;VB1AE
1055736;VB1FE
1054302;VB1EE
1054190;TJF5E
1056200;VB22E
1053876;TJF8T
1051144;TYABV
1055737;VB20E
1054508;TJ56E
1054504;NO74E
1053826;TJF6E
1051631;NO75E
1056066;VC59E
1053755;AS15E
1054194;AS16E
1056536;TYAFE
1055463;AS19E
1053156;TJFAT
1052972;AS17T
1055987;TO42E
2100013;TJ5CV
1056016;TO41E
1055681;TJFBT
1050538;TJFBV
1053886;AO5EV
1053207;AS11E
1055847;TO47E
1053592;TY13T
1052903;AT42E
1053134;AT43E
1050658;AO5DT
1051544;TY16E
1050956;AO57E
1055211;AT3DV
1051306;TY15E
1054630;AO58E
1055840;CN6DE
1053651;TYB6E
1051189;TJ62E
1054287;TY19E
1052897;AS0FE
1055771;TYBAE
1053754;TO4BT
1054579;VC60E
1054510;TOEBE
1054575;CN6BE
1055136;AO52E
1054290;AT3AT
1056908;TOEFE
1051366;TH07T
1050757;TYBFE
1054337;TJ6AE
1054632;AT38E
1053049;AT39E
1051060;AO05E
1053879;CNBEE
1053646;NV90E
2100092;NV92V
2100083;AO08V
1055721;NV95E
1054262;VC5FE
1055722;NV96E
1051153;TO14V
1054638;TOB6E
1054121;NOECE
1053074;TJCFB
1051586;TJCDT
2100022;TO12E
1056348;AO03E
1053081;TO19E
1055841;CNBBE
1053708;TO18E
1052030;AO01B
1052029;AO01E
1054631;AOA3E
1053877;TJD1T
1053759;TJD0T
1055342;CU5EE
1055934;CN11E
1055001;CN19E
1050493;TJD5V
1055046;CN18E
1050611;TJD4T
1057076;CN17E
1054338;TJD3T
1052236;TJ32E
1055135;CN16E
1053160;TJD2T
1055675;TJD9T
1052250;TO1ET
1050666;TJD9V
1051365;TJ38T
1054935;NO52E
1050643;TJD8T
1051308;NO55V
1050891;TJD6T
1055726;TJ35E
1053563;NO55E
1056916;VB06E
1054114;CN10E
1053827;NO57E
1054116;CNB0E
1052899;TJDBE
1053503;TJDAE
1055393;CU55E
1053208;TJDDT
1051226;TJDCT
1051721;TO27E
1054124;TO26E
1051251;TO26V
1054509;TO24E
1050652;TJ3ET
1056787;VB0EE
1054933;CN03E
1055259;CN02E
1055008;TJ40T
1054249;TJE2T
1054193;TJE1E
1050620;TJE7T
1053874;TJE6E
1053642;BI80E
1053645;NO61E
1055879;CN04E
1051839;VC47B
1053426;VC47E
1050405;TO2FV
1055629;TO2FE
1053924;AL61E
1050917;TJE8E
1054255;VB18E
1054992;VB17E
1051310;NOC6E
1056794;NOC5T
1055728;TX9CE
1056023;VCA7E
1054937;VC05E
1054298;NOC7T
1055006;VC04E
2100096;NO27V
1053880;NO27E
1055345;TJ0AE
1052098;TJABT
1052096;TJAAT
1051907;NOCAE
1055477;AO27E
1053507;NOCCE
1050892;TJAET
1053926;CNDEE
1055137;AO26E
1054123;TJADT
1053395;TJ0CT
1053758;AT0CE
1053076;CN37E
1050613;TJB1T
1055660;TJB0T
1050557;TJB0V
1054932;AL9DE
1053029;CU7DE
1052942;CN30E
1056158;TJ14E
1051201;TJB4E
1053828;AT01E
1054120;NOD1E
1053928;TJB3T
1054636;NOD2T
1052941;TJ18E
1053824;CN33E
1055666;TJB7E
2100090;AT01V
1053028;TJB7V
1054934;NO34E
1051585;TJB6E
1051517;VCB3E
1055714;CN31E
1051204;NO36V
1054639;VC19E
1054047;AO17E
1051437;TJ19E
1056456;AO18E
1051202;AO17V
1055699;TJBAT
1050568;TJBAV
1053030;AL94E
1051059;AO11E
1053199;AO12E
1053951;TJBDT
1056285;AOB3E
1051333;TJBCV
1055411;CU72E
1055700;TJBCT
1053830;NO3AE
1056170;AO10E
1056321;AOB1E
1055807;TOA2E
1052900;AO14T
1053203;AO16E
1051906;NO3DE
1054299;NODET
1054629;AO13E
1053398;NODFE
1053925;CN27E
1051947;CN27B
1054115;CN26E
1055846;TO09E
1054146;CNC6E
1053757;TO08E
1050876;TJC3E
1051547;TJ22E
1055720;NOE0E
1054252;TJC1T
1053760;NOE1E
1055991;TJC0T
1053643;TJC7E
1055516;NOE2E
1050902;CU6BE
1053399;TOADE
1053133;NOE3E
1050478;TJC5E
1051188;TJ24E
1051029;AL86T
1055133;NO45E
1054637;NOE8E
1051612;TJC9T
1053644;TJC8E
1053831;NO47E
2100088;TH91V
1055844;TH90E
1051171;NO01V
1055717;CUC2E
1055697;TH91E
1056856;CU20E
1054700;ALDFE
1055475;NO02E
1053713;CUC0E
1055719;NO03E
1054196;CU26E
1055344;NO04E
1051170;NO05V
1053569;NO05E
1050608;TH95E
2100095;NO06V
1055667;NO06E
1052249;TH98T
1054502;NO09E
1055600;AL3AT
1053639;BI51E
1052099;NV53B
2100010;TH9BV
1053204;TH9AE
1054500;BI4CE
1053875;CUBFE
1054635;NO0FE
1052939;TX82T
1053952;TX87T
1054181;TX85E
1054701;BI4AE
1054185;NOB2E
1051719;NO10E
1050492;CUB1V
1055715;CU10E
1053753;NO12E
1050491;CUB0V
1055003;NO14E
1053467;BI42E
1056064;TX8EE
1053566;CUB5E
1053200;CU13E
1051838;NO17B
1054117;CUB3E
1053923;CU11E
1056830;CUB2E
1054597;BI41E
1051334;BI41V
1055395;NV64E
1054300;NV65E
1055045;AL25E
1053562;AL21E
1055193;AL23E
1056349;BI3AE
1055755;NO1ET
1055391;CU0AE
1056833;AL26E
1051769;AL27E
1056566;TJ02E
1052095;TJA2T
1052097;TJA1T
1053591;TX98T
1051687;NOC1E
1056153;VC03E
1051203;NO20V
1054259;VC02E
1051770;AL21B
1054182;CU09E
1054578;VC01E
1054336;VCA2E
1054634;CU49E
1054576;TH70E
1053010;TXFDE
1056387;TB5DE
1056444;TY8FE
1056113;TH76E
1054288;TXFCE
1056210;TY8EE
1050430;TXFBV
1055922;TB5BT
1050916;TH72T
1054496;AL5AE
1051587;TXFFE
1051335;TXFEE
1056857;CU3FE
1052197;TX62E
1051046;ALF8E
1055988;CUD4T
1056289;TX6AE
1055130;TH84E
1055394;CUD9E
1053709;CU37E
1056350;CUD7E
1056020;TX6EE
1055709;ALEAE
1053396;AL4DT
1051903;BI63B
1056119;TH89T
1055350;ALECE
1054495;AL4AT
1054702;CUCDE
1051946;NV44E
1055718;CUCBE
1055343;CUCAE
1054186;CU2FE
1053211;TX71E
1051307;TX70E
1055935;CUCEE
1056617;TX75E
1055005;CUC9E
1055842;CU27E
1051363;TX79T
1053048;TX78E
1055703;TXD7T
1054291;TX36E
1051720;TXD7V
1056940;AT74E
1056017;TX33E
1054936;NV0BE
1050601;TXD9V
1053158;TXD8T
2100094;BI10V
1052896;TH52E
1055641;THF7E
1050187;THF7V
1051546;TH55E
1052901;TXDCT
1054513;TXDBE
1056204;AO8AE
1051111;TY6CE
1055882;TB3FE
1050803;TH58E
1055640;TXDEE
1050274;TXDEV
1056388;AS3EE
1055804;AO89E
1053829;NV13E
1053638;NV16E
1054295;AS39E
1055725;TB42E
1055946;TB40E
1050283;TXE0V
1053948;NV17E
1056445;BI05E
1053825;BI03E
1052254;NV18E
1055704;TXE0E
1054145;BI02E
1054499;AS38E
1051404;TXE5T
1056786;TX44E
1054617;NV19V
1051549;TXE6E
1054512;TX43E
1053205;AO83T
1053641;TY75E
2100089;TY75B
1053079;TXE4E
1051774;BIA8E
1050198;TXE8V
1050196;TXE7V
1051723;TY79T
1055713;AS30E
1055878;AO7DE
1053647;AS33E
1054195;BIA0E
1055729;TXEBE
1056062;TX4AE
1053711;AT60E
1051949;AT60B
1056909;TX4DT
1055730;TXEEE
1056018;TX4FE
1050897;AO79E
1055933;AT5FE
1055390;AS2DE
1053590;ATFFE
1054143;AS2AE
1055712;AS2BE
1051545;NV28E
1053466;TY83E
1053317;TXF8E
1050537;TXF6V
1056019;TX55E
1055877;AO71E
1055711;AS29E
1056702;TB56E
1055639;TXF6E
1051364;TX54T
1055731;TXF5E
2100005;TO78V
1054187;TY45E
1055881;TB14E
1054710;TYE7E
1054253;BI32E
1054197;AL1CE
1052046;TB13E
1053209;TB12E
2100007;TY42V
1053710;TB11E
1053649;TB18E
1054251;TXB8E
1053717;BI36E
1051304;TXB6T
1055673;TX15E
1051639;TX15V
1051369;TY47E
1055398;TB16E
1053351;TB15E
1053210;TX19T
1051543;AL18E
1056343;TB19E
1050585;TJ97V
1053213;TH30T
1055657;TJ97E
1053078;TO7BE
1054113;BI2AT
1056065;TY4FE
1050406;TX1AV
1054704;TB1CE
1054581;VC97E
1055265;TYEEE
1053567;TX1AE
1051633;TXBAE
1053155;TB1AE
1054498;ALB7E
1050561;TYEDT
1054125;TX1ET
1050907;BI2EE
1055708;AL14E
1050584;TH37V
1053470;TB1FE
1050612;TH36T
1051680;AL15E
1053353;TB1EE
1055399;VC9AE
1054995;TO83E
1055734;TYF0E
1055950;TO81E
1053823;AL0FE
1053397;TJ9AE
1051908;TXC1T
1051309;TY53E
1055810;TO87E
1050793;TYF3L
1055707;TY52T
1051336;TYF4E
1055210;THDCE
1050810;TYF2T
1053422;TB20E
1053135;TXC5V
1055676;TXC5T
1054184;TYF9E
1054705;TB26E
1054497;ALACE
1055583;TXC4T
1053006;AL0AE
1054711;TYF8E
1056389;TB24E
1056159;TY55T
1053463;TXC2T
1052940;TY54T
1053564;AL0DT
1055945;TB29E
1054169;TB28B
1053565;AL0CT
1053570;TY58E
1055578;TX25E
2100093;AL07V
1055580;AL09E
1056843;AT80E
1053465;BI1ET
1050651;TXCBV
1056160;TYFDE
1051722;TXCAT
1050854;TYFCT
1053714;TX2CE
1053159;TXCDT
1056283;THE6E
1055724;TB2CE
1055852;TYFFE
1056114;TY5EE
1051542;AL04E
1055000;BI1DE
1054289;AL02E
1053464;BI1BE
1055990;AL01T
1056499;ALA3E
1056705;TH48T
1055128;AL03E
1051305;TH49E
1054126;TY61E
1051368;NV03V
1056357;TY60E
1055208;BI17E
1053423;NV05T
1055701;TO91T
2100065;TO91V
1054511;TX32E
1054339;AO94E
1051634;TXD4E
1050553;TXD2V
1055702;TXD2T
1055050;TH4BE
1051588;TO95T
1051399;TXD1E
1050622;TO96E
1050992;AO93E
1054708;THECE
1051978;AR60E
1055335;LK0EE
1055835;SIC8E
1056540;SIC0E
1050674;GR20V
1056296;GR20E
1052889;PID5E
1054209;LK06T
1051630;MS20E
1056230;SIB8T
1053816;SI17E
1056998;SI18E
1055739;GRC7T
1054343;SI19E
1056437;GRC6T
1050569;PI39V
1052874;PID7T
1056783;GRDDE
1053815;MS38E
1055490;GRDAE
1053560;AR74E
1051590;SI38E
1056045;GRDEE
1055918;PT50E
1056078;SICCE
1054905;PT45E
1054107;GRD8E
1053660;GR36E
1056077;GR39E
1052951;AR82E
1050235;LU03V
1056248;LU03T
1050589;PI60V
1057036;SI42E
1050558;PI58V
1050069;LV27V
1050234;MS43V
1057007;FIA0E
1054344;FI19E
1053427;AR98E
1056127;MS58E
1051775;GR60B
1057031;PT72E
1054645;SI51E
1053061;PI70T
1054990;GR63E
1054623;LU10E
1057014;LU07E
1052091;MS57E
1051596;FI10E
1056590;FIB0E
1053744;AR1EE
1056323;FY92E
1055084;FY8CE
1054130;FY8AE
1050075;LI72V
1053987;ARBEE
1055438;AR2FE
1050236;PT09V
1050513;PI09V
1054027;PI09E
1053989;ARD0E
1054174;PT07E
1056090;ARD3E
1056126;PI0DE
1054624;PIAFE
1054192;FX6EE
1056251;FX6DE
1053972;PI07E
1050420;PI05V
1057025;PT04E
1054023;PI05E
1056726;PIA4E
1050924;PT02E
1055740;ARCCE
1055607;ARCDT
1055036;ARCFE
1053985;ARCEE
1055923;SIA1E
1052962;MS01E
1050088;AR41V
1052163;PT1FE
1050393;PI10V
1052949;PI11E
1054901;PI10E
1051759;PI10B
1051954;FX7BB
1053970;GRA6E
1050461;PI16V
1056953;PIB7E
1052954;GR01E
1056244;PI2CE
1056781;SI10E
1056318;SIB6T
1051956;MS11B
1050740;GRBAE
1051931;AR54B
1056291;FX8FT
1056091;GRB3E
1050703;SI0BB
1051147;GR15V
1056548;AR4CE
1054640;PI28E
1051447;GR17E
1050681;FY50V
1053161;FX1AE
1056412;FYECT
1056411;FYEBT
1053747;FX1ET
1053607;FI7DE
1054555;FY60T
1055570;FY67E
1056997;LU70E
1052033;LU70B
1056136;FX2EE
1050130;LI53V
1055770;FY78E
1051385;FY76E
1057043;ARA0E
1050073;FI90V
1050084;FI80V
1056088;FY6AT
1055965;FI84E
1051776;FI84B
1056297;FY6FE
1055916;AR0DE
1052166;AR0FE
1051955;LI64B
1054206;LI66E
1052964;FY88E
1050237;AR10V
1057046;LU9AE
1056242;AR03E
1056397;FI95E
1052203;AR02E
1054903;FXECE
1056243;AR07E
1052212;FY7EE
1056121;FI97E
1050410;FI29V
1052161;PT7FB
1053863;LU24E
1054626;LU27E
1053666;GR70E
1053890;SI62E
1055465;LU26E
1051008;FYB3E
1055181;FY12E
1054941;FICEE
1055481;GR75E
1056806;FY02E
1050927;GR66E
1056396;FIBEE
1050592;PI78V
1053402;PT78T
1051559;PI77E
1055913;PT7CT
1050641;FIC4E
1053867;FI23E
1053870;FI20E
1050239;GR6AV
1053002;FY1EE
1055924;FYC1E
1052961;LU36E
1052888;LIA3E
1055834;FY15E
1050578;FICFV
1053004;FY13T
1056125;GR77E
1055194;FYB4T
1053457;LU28E
1053198;FYB9T
1056046;FID0E
1053138;FY1BT
1052209;FYBAE
1055769;FI48T
1050080;FI49V
1054627;LI10E
1051650;FY2EE
1056999;SI8BE
1054105;FYD2T
1054960;SI83E
1054068;FYD2B
1050064;FY30V
1054948;LI19E
1054154;LI18E
1055574;FY34T
1051076;FY35E
1050223;LI08V
1055105;LI08E
1056134;LI0DE
1054227;FI40E
1050079;FI45V
1054202;FYCEE
1057004;FI44E
1053938;FYCDE
1052208;FY2AE
1053683;LI23E
1056281;FX0EE
1051560;FIFCE
1052205;FI5AE
1050926;FY40E
1056811;LI25E
1050604;FY45M
1056438;LIBCE
1055043;LI1AE
1056658;FYD8E
1056056;FX04E
1054946;GR9BE
1052959;SI93E
1050605;FIF7E
1053587;GR9DE
1056801;LIBEE
1050014;FI58V
2100086;TJ9DV
2100026;TO82V
2100085;TX21V
2100019;TX20V
2100025;TX12V
2100070;TX16V
2100057;TH33V
2100018;TO73V
2100017;TO72V
2100016;TO70V
2100044;TO76V
2100038;THB8V
2100056;TH19V
2100034;TO57V
2100050;TOF7V
2100067;TOF5V
2100077;TY26V
2100028;TO58V
2100079;TYBCV
2100053;TYBBV
2100020;TYBEV
2100015;TO52V
2100030;TO45V
2100036;TO51V
2100012;TOE3V
2100076;TY17V
2100009;TH7AV
2100075;TX68V
2100078;TY80V
2100074;TX51V
1050194;TXE9V
2100087;THFAV
2100073;TX40V
2100081;TH56V
2100058;TH47V
2100066;TO94V
2100071;TX24V
2100047;TJACV
2100052;TX96V
2100037;TX95V
2100040;TX86V
2100061;TH80V
2100062;TH86V
2100043;TO40V
2100035;TO33V
2100014;TO21V
2100024;TO23V
2100064;TJ33V
2100003;TO13V
2100008;TO16V
2100004;TO15V
2100001;TO01V
2100006;TOA0V
2100033;TO04V
2100002;TO03V
2100048;TO02V
2100027;TO06V
1050077;FI12V
1050070;FI14V
1050059;FI15V
1050065;PI7FV
1050087;FIC6V
1050062;FI22V
1050019;FY14V
1050011;FI02V
1050076;FI08V
1050061;FIF2V
1050226;FY44V
1050082;FI64V
1050063;FI63V
1050018;FY57V
1050012;FY54V
1050016;FY59V
1050058;FI39V
1050066;FI46V
1050060;FIECV
1050238;FI4AV
1050020;FX05V
1050009;FY61V
1050071;FI87V
1050207;FY70V
1050068;LI57V
1050017;FX48V
1050089;FX94V
1050067;FX88V
1050013;SI03V
1050045;GY34V
1050050;SV5BV
1050007;IM11V
1055052;XI02L
1055051;XI01L
1053582;RDBEE
1054890;RJD7T
1053066;RD1CE
1056099;LNC0E
1052135;RZ1BE
1050931;RD1AE
1056556;LNC2E
1050972;RW93E
1050808;LT36E
1050779;RD19E
1055023;RW90E
1050660;RZB8E
1056550;RD18E
1055597;LT32E
1055976;LNBDE
1050627;RZB4T
1054015;RD16E
1057172;RJ2DE
1055258;RD13E
1051161;RD14E
1056516;RDB2E
1054682;RD12E
1051054;RD11T
1055748;RDB1E
1054562;LNB5E
1053679;RW8BE
1055767;LNB8E
1050824;LNB1E
1200053;RJ26V
1053496;LNB2E
1053289;RZAFE
1054342;RDAEE
1053584;RJC8E
1056549;RD0DT
1053131;RZ0BE
1053303;RJ47V
1055803;RJ48E
1056311;RD2FE
1200112;RJ45V
1053126;RD2CT
1053905;RK77T
1051919;RD2DT
1054278;RJ45E
1050266;RI10V
1051358;RJ44E
1056098;RD2AE
1054530;RD2BV
1051712;RI10B
1055121;RI10E
1051196;RK71E
1051981;RD29T
1054304;RD28E
1051009;RI0EE
1052956;RJ3FT
1055590;RD24T
1050847;RZC6E
1052967;RZC4V
1051603;RD23E
1055127;RZC4E
1052955;RJDBT
1053741;RK6AE
1050722;RI07E
1052969;LT3AT
1050932;RI06E
1050921;RD1EE
1056542;RD1FE
1051247;RJ12E
1051192;RKE5E
1052228;RJ11E
1055867;FS1DE
1055122;RJB0E
1050400;RJB0V
1050670;RKE2E
1055925;RK41E
1051795;VT78B
1051761;LT12B
1051760;LT12E
1200023;RJ0CV
1055026;RK3DE
1056544;RB9ET
1050837;RM9DV
1053539;FS18E
1050626;RJ09E
1056775;RB9DE
1054340;RB9CT
1053859;RB9AV
1050455;RJ04V
1052086;RJA5E
1056528;RJC5E
1053981;RDACE
1053085;RD0AT
1051065;RD0BT
1056340;RDADE
1050399;RJ21V
1050806;VT60T
1051077;RJ20E
1055389;RDA8E
1053934;RD08E
1050571;RZA5V
1056598;RD05E
1052912;RD06E
1200058;RJ1EV
1050835;RD03E
1054266;RDA4E
1051374;LTC4E
1050661;RZA1V
1054129;RJBBT
1056664;RD02E
1052256;RDA3E
1050825;RDA1E
1055042;RW7BE
1050590;RJB9V
1050541;RJB8V
1055123;RJB9E
1056100;RJ15E
1050407;RK46V
1053506;RJ14E
1055970;RJ13E
1051022;RJB4T
1051991;RH17E
1051836;RHB8E
1050673;RH12V
1051337;RZ5FE
1055868;RHB3E
1055397;RH12E
1051380;RD5EE
1050717;FR52E
1053224;RZ5CT
1051423;RJ75E
1050688;RZ5AE
1053435;RJ73E
1056432;RDFBE
1055563;RY28E
1050809;RZ58E
1056047;RD59E
1050957;RHACT
1056471;RH0BE
1051159;RHADE
1056994;RDF8E
1053033;RI3DE
1055535;RDF9E
1053260;RZF7E
1050401;RZ55V
1050726;RZF5V
1053912;RD56E
1056347;RDF7E
1054043;LT74E
1054523;RJ6CE
1050958;RK9FT
1050544;RJ6CV
1053685;RD51E
1052968;RZF0T
1050716;FR43E
1050704;FR47E
1055276;RH09E
1050197;RH09V
1053193;RH08E
1056253;RS29T
1053231;RXAFE
1056802;RS27T
1054981;RHC9E
1053295;RB0CT
1050687;RX0CE
1053988;FR62E
1051554;RX0BE
1050718;FR61E
1050669;RB0AE
1052958;RH22T
1053942;RB0BT
1052117;RJ89E
1053111;RD6ET
1053860;RJ88E
1051584;RMAAE
1050536;RJ86V
1051378;RZ6DE
1054517;RJ86E
1050984;RD6DV
1052124;RZ6AT
1050705;RI52E
1050205;RX09V
1052008;RD6BE
1050723;RI50E
1051944;RB08T
1056254;RB09T
1200019;RX06V
1056236;RMA9E
1056385;RX05E
1200054;RM06E
1055087;RX06E
1054696;RBA6T
1051396;RXA6E
1050959;RY35E
1055793;RBA4E
1056592;RMA5E
1055854;LN6CE
1055973;RBA5E
1050412;RHBCV
1051222;RD67E
1050862;RBA2T
1050204;RY33V
1052248;RBA3T
1051983;RD68E
1050127;RH1AV
1051581;RJ7FE
1051625;RD66E
1054049;RD61T
1050560;RJ59V
1050721;RI27E
1055856;VQ20E
1053593;RD3EE
1053025;RZ3EE
1051287;RD3DT
1050570;RZDCT
1050781;RI21E
1053041;RD3AE
1050404;RJ52V
1053971;RZDAE
1055124;RJF2E
1056651;RJ51E
1053460;RJF2V
1200109;RY07V
1200038;RK80V
1050416;LTF7V
1054675;RK80E
1053583;LTF9E
1052957;RD39E
1050458;RZD8V
1050199;LTF9V
1053865;RY05E
1050903;RY03E
1050836;RD36T
1057110;FRC7E
1055974;RD37T
1050707;LT53V
1050780;RD35E
1054556;LTF6E
1050725;RYA1E
1051629;RK7EE
1051164;RD30T
1050671;RD32E
1050706;FR23E
1056237;LTEFE
1051779;FRC6B
1050278;RJ48V
1053557;RI39E
1055813;RYBEE
1051649;RH04E
1053665;VQ11E
1050281;RJ67V
1050413;RH01V
1053288;RJ68E
1050805;RI35E
1050280;RK99V
1054894;RK99T
1055851;RJ67E
1050282;RK98V
1056346;RDEEE
1050863;RI33E
1050861;RZ4AT
1056621;RD4DE
1054592;FRDEE
1056529;VQ19E
1051398;RK92E
1051352;RZ49T
1050960;RD49E
1055984;LN4BE
1051808;RZ46E
1051705;RD48E
1053906;RD45E
1054588;RDE6E
1051010;RY10E
1051021;RZE3V
1056555;VQ1FE
1050784;RD43T
1051381;RD41E
1051376;RK8DE
1056470;RDE3E
1051608;RD40E
1053986;FR35E
1052013;RB40E
1050431;RBE0V
1050886;RW0BE
1053254;RB3EE
1055471;RW0AE
1051174;RB3FE
1050279;RY6EV
1052178;RB3CE
1054593;RBDFE
1050542;RBDEV
1051036;RI88E
1051315;RB3AE
1055120;RHF5T
1050545;RHF5V
1051696;RBDDE
1053053;RB3BE
1054148;RHF4T
1053239;RY6CE
1052139;RBDAE
1056515;RD9FE
1054128;VT14E
1050713;RHF2T
1051582;VTB7E
1054559;RD9CE
1056120;RX39T
1050782;VT18E
1052174;RBD8E
1051357;RM36E
1052142;RW01E
1050834;RBD6T
1055608;RM35E
1051035;RB36E
1053482;LN9EE
1053117;RBD7E
1053456;VTBAV
1051162;RBD4E
1052085;RBD5E
1200027;RX31V
1056360;RD97E
1050543;RM30V
1053477;RHECT
1056489;RI7EE
1052948;RBD2E
1053633;RD98E
1054265;RH4AE
1050971;RY62T
1053278;RBD0T
1054215;RD95E
1052258;RD96E
1055554;RI7BE
1052196;RB51E
1055024;RMF2E
1056431;RX50E
1053055;RXF2E
1056514;RM51E
1052176;RB50E
1051912;RBF3T
1053559;RMF0T
1053349;RBF0T
1050446;RX4DV
1051702;RW1BE
1051273;RM4FE
1056341;RXEEE
1055247;RX4DE
1051684;RBEET
1052193;RB4DE
1052140;RB4AE
1054987;RBEBT
1053258;RMEAT
1052191;RB4BE
1051300;VT03E
1050720;FR9DE
1051598;RBEAT
1055855;VT05E
1052145;RB47E
1050885;RXE8E
1053684;RME9E
1054947;RW12E
1050986;RWB3T
1052122;RB48E
1051425;RXE7E
1050459;RBE6V
1052920;RB45E
1051580;RME7E
1053070;RX43E
1052177;RB46E
1053294;RBE7T
1052160;RM44E
1052100;RB43E
1050494;RBE4V
1051921;RM43E
1052121;RB44E
1052220;RH5CE
1054264;RX41E
1050985;RWB0E
1055512;RME2E
1050489;RBE2V
1052014;RB41E
1200011;RM40V
1053054;RXE2E
1050846;RHFDE
1050462;RBE1V
1055068;RB42E
1054341;RD80T
1054048;RD81E
1054044;RH37T
1050529;RH37V
1050432;RX1BV
1052911;RB1DT
1051406;RHD6T
1052093;RBBCE
1051674;RMBCT
1051375;RB1BT
1054558;RBBDE
1052173;RJ99E
1054279;LT9DE
1055556;RYECT
1050487;RJ96V
1056609;RY4AE
1050565;RZ7AV
1052156;RZ7BE
1053018;RD7AE
1200071;RJ91V
1053653;RB18T
1056249;RJ91E
1053272;RB16T
1050625;RH2EE
1054516;RX13E
1056262;LN7EE
1051660;RX12E
1050746;RXB2E
1053678;RM10E
1054050;RBB3E
1051695;RHCCE
1050511;RHCAV
1055125;RY40E
1050552;RBB1V
1053174;RD76E
1052147;RY40V
1055119;RHCAE
1051982;RD74E
1054561;FR86E
1056211;RM2BE
1050575;RY5DV
1050403;RM2BV
1050200;RH42V
1054571;RD8FT
1050490;RXC9V
1053682;RX29E
1050827;RX28E
1050807;RB29T
1055812;RX25E
1055931;RB28E
1055126;RY58E
1057071;RBC9T
1053249;RY58V
1052934;RM25E
1055801;RM23E
1200160;RM23B
1052914;RD88T
1054691;RMC3E
1050488;RMC3V
1050189;RY54V
1054303;RD87E
1056239;RXC2E
1055800;RXC1E
1050686;RMC0E
1056398;RBC1V
1055555;RJ9CE
1052260;RD83T
1054923;RM87E
1050486;RW53V
1056124;RW52E
1052141;RM86E
1053092;RB85E
1053069;RM85E
1053240;RW50E
1053050;RX83E
1051600;RX81E
1052195;RB80E
1200080;RH9BV
1053621;VT58E
1054263;GG71T
1051057;RWEFE
1052143;RM7FE
1056224;RB7EE
1053154;RX7DE
1052084;RB7CE
1055192;RM7BE
1053257;RB7AE
1053185;RB7BE
1056154;VTFFE
1053276;RH91E
1052129;RB79E
1052982;RWE3T
1050874;RB78E
1050501;RX75V
1055167;RB99E
1050288;RM95V
1050714;RX94E
1053389;LT04E
1056488;RB94E
1051070;RX93E
1053740;RX92E
1056568;RB92E
1055816;RX90E
1050724;VT43E
1053807;LTA2E
1056364;GG81E
1052932;LT01E
1056494;GG84E
1051063;RB8EE
1053038;RWFCT
1051055;RX8BT
1054222;RX8CE
1056001;RK25E
1050579;RWF7V
1055926;RB89E
1051663;RM89E
1053983;RM63E
1053043;RB64E
1055025;RM62E
1050920;RWD0E
1056477;RX60E
1051379;RM61E
1053026;RB60E
1052083;RB61E
1050452;RMFFV
1053091;RB5EE
1053984;RWCBE
1050581;RW2AE
1052218;RH77E
1053109;RB5FE
1053982;RMFDV
1050531;RB5CV
1054241;RB5CE
1054694;RY8FE
1052144;RB5DE
1051704;RBFET
1051395;RBFBT
1054518;RMFCE
1052101;RB5AE
1052152;RBFDE
1053277;RB5BE
1052120;RH73E
1053259;RMFAE
1052913;RY8AE
1050961;RW28E
1054014;RW25E
1056545;RX58E
1052128;RB59E
1052130;RM59E
1053252;RW23E
1050655;RX56E
1052082;RB57E
1050591;RXF7V
1056749;RY89T
1052005;RXF8E
1052181;RB58E
1050745;RBF9V
1054564;RBF9E
1056943;RBF6T
1053255;RB55E
1200113;RM53V
1050970;RBF7V
1053095;RB56E
1052081;RB53E
1056245;RY85E
1053065;RB54E
1200016;RM51V
1051920;RWE2T
1053256;RB76E
1055919;RM74E
1052910;RB72V
1051181;RWE1E
1055292;RB72E
1053933;RB70V
1055705;RK0FE
1051835;VTC0E
1050727;VT21T
1050778;RW3FE
1055971;RK0AE
1052971;RWDET
1054067;RM6FE
1053250;RH89E
1051550;VT24E
1053064;RB6EE
1055246;VT25E
1050919;RH88E
1054529;RB6FE
1052179;RB6DE
1051405;RY9DE
1050530;RH82V
1056252;RB6BE
1051911;RH80E
1053087;RB69E
1052983;RB68E
1053088;RB67T
1053127;RM64V
1052127;RB65E
1051062;RW30E
1051056;RWD1T
1054522;RY96E
1350014;NXA7V
1055420;NXA7J
1055430;NY38E
1050730;SA03E
1050698;AV76E
1050875;NXA1T
1056531;NY36T
1051237;NX04E
1056303;NX0EE
1050656;CY46T
1051238;NZ73T
1055327;CYECT
1056604;SAA9T
1051746;SL09E
1051886;SA08T
1052887;SN50T
1055958;NY29J
1050841;NZF2T
1051699;CYD2B
1051698;CYD2V
1050606;NZF4T
1051215;NZF5E
1050842;NZF3T
1056580;NYC3T
1050758;NZF6T
1051623;AV68V
1053636;NZF9E
1056938;CJ80J
1054153;SN59E
1050976;NZ5FE
1057165;NZFFE
1053279;AV92T
1056007;SN86T
1050844;SN87E
1055434;NYFBT
1054997;NY5BT
1056638;SLC6J
1054621;SA24J
1050554;NZ87V
1051075;AV99E
1055985;NXC7E
1055861;NY57T
1054332;SA2FE
1050664;NZ97T
1051068;NZ96T
1051744;SA29T
1055037;SL28E
1053915;NXCFT
1050786;SN76E
1056260;NX19E
1051004;NZ75T
1055426;NZ74T
1050628;NZ74V
1050700;NZ78E
1056605;SLBCJ
1055536;SA1AT
1051239;NZ82E
1053537;SL1CT
1050549;SA19V
1051178;SL18T
1051568;CY5ET
1051005;SL16E
1050637;SA17E
1050630;NX1BV
1056071;NX1FE
1050426;SL46V
1056004;CY84T
1051627;NX4CE
1051626;NL12E
1056634;NA15E
1056560;NXE9T
1055795;NW13E
1051422;NL14E
1055313;SL43J
1055425;NL16J
1051175;CY87T
1053188;SA41T
1053120;SA40E
1050739;CY8BE
1056221;SL4FE
1053575;SE03J
1055147;CY8EE
1050654;NA20T
1055435;NLC1J
1053614;NXF7E
1050711;CY8AE
1055431;SL38E
1055796;SA38E
1051320;NA01T
1057020;SN91E
1051929;NLA3T
1350020;NA03V
1053722;SA31E
1054152;SL30T
1056601;NLA7J
1055433;NAA7T
1051383;NW06T
1051964;NL07V
1350012;NA06T
1054622;SN95E
1055432;NA07T
1056771;SL3EE
1051745;SA3EB
1051444;NY72T
1055288;NAB0E
1056600;NL11E
1055986;NL10E
1056259;NWABE
1056301;NAAFE
1051595;NWACT
1055437;SA3BE
1053727;SA3AJ
1055440;NL3AT
1050785;SA69T
1056439;SL69T
1056695;NY9ET
1056680;NK0BT
1050602;NKADV
1056679;NK0AT
1050574;NKACV
1054018;SA63E
1052214;NX68T
1056138;NK06T
1055429;NL38E
1050933;NY9AE
1350049;NK07T
1051325;SA64E
1350059;NA40T
1052917;NKB1E
1056175;NA42T
1056979;NL45E
1055212;NW44E
1056072;NA44T
1056770;NKB2T
1051270;NKB3E
1056404;NX76T
1055422;NKB6E
1052998;NL46E
1054021;NA48E
1057074;NA47T
1053618;SA6CT
1050629;NKAFE
1056681;NK0CT
1055738;CE07E
1050710;CE07V
1054331;NAE0E
1056258;NX70E
1050414;CE04V
1050796;CY94E
1056298;SL59J
1051597;SA58T
1051240;SAF8E
1050548;SA56V
1053616;NL28E
1050833;SA55E
1350023;NAD1T
1055484;CY9FE
1051743;NW30B
1050603;NL31T
1055030;NL33E
1056667;NK02T
1051324;NX66E
1053430;CJ01E
1055573;BNBFE
1052916;BNBEE
1054943;BNBCE
1055275;SA86E
1350051;NK27T
1055424;BN1FE
1350009;NK29E
1056216;BN1EE
1051885;BNBFV
1051067;CE1DE
1350057;NAFAT
1055589;SL90J
1052210;CE21T
1053110;NA65T
1050697;CE23E
1057108;CJ0AE
1055902;CEC1J
1050977;SE44E
1050788;BN27E
1056561;CJ0CE
1053020;NX95T
1054254;NA64E
1055981;NL4AE
1050676;NKBAT
1053725;CE0AE
1055441;BNABJ
1053939;NKB8E
1050839;NKB7E
1055914;SL73E
1053433;NK17E
1053561;NKB9E
1051214;NK19E
1056174;SA78E
1056178;SL77E
1053910;NL53E
1053935;NWF4E
1051781;CEB1E
1056981;NKC2T
1051675;SA83T
1050948;BN12E
1053953;NP0BT
1051676;BN10V
1050249;SE31V
1056299;SL7EE
1051034;CE18T
1050871;BNB8E
1052111;NP07E
1050732;SA7DE
1051199;NP06T
1350061;NAF2M
1050433;CE15V
1056322;CE16T
1051997;CJ22E
1051163;NPD4T
1053415;CJ25E
1050563;NPD8V
1056222;NPD8T
1050485;SE61E
1056526;NL7AJ
1055031;NA7BT
1053195;CJ27E
1056272;BNE1E
1050789;AV13T
1350019;NA89V
1054020;BN44E
1050228;AV10V
1051064;AV18T
1053186;AVB7T
1054902;NZ07T
1053873;NA81T
1054942;NL80E
1350048;NZ09T
1056527;NL83E
1050843;SE64T
1053189;SE68T
1050729;SE69E
1054017;NA6FE
1055572;CJ12T
1052206;CJ12V
1056053;CECFE
1050535;SE50V
1056403;NP27T
1053144;SA9BT
1055811;NX9AT
1050731;SA98E
1050838;CJ14E
1053719;NX9ET
1056821;CJ1AT
1050845;NPCBE
1054330;CED6J
1051881;NL79E
1050870;NPCET
1053191;NL78E
1051165;BN37E
1055290;AV05E
1052239;CED2E
1056176;NP29E
1051058;SE55E
1350029;NA70T
1052922;SE54E
1051782;AV07E
1053726;NL72E
1050647;SE58E
1051599;SE57E
1054619;CJ46E
1053197;NZC5T
1050573;SE82V
1051414;NZ25T
1053418;NZC7E
1056054;NZC6E
1055980;AV2CE
1055034;CJ42J
1054019;SN21E
1053588;CJ43J
1050445;SE86V
1052088;SE85T
1056220;NA9CT
1056475;CE61E
1055427;AVD1E
1055766;CE63E
1053330;NA9FT
1053301;NZ21E
1056317;AVD3E
1054618;CE60E
1052882;NP54T
1051296;NZCDT
1051677;BN68T
1056215;AV34T
1055762;CJ50J
1053187;NP5AE
1056508;CYA7T
1051069;NZCBE
1053613;CJ35E
1056145;NZ10T
1051742;CJ36E
1055829;NZ13E
1054171;SE75T
1052207;CJ31E
1052110;SE73T
1055146;CJ33E
1055421;CEF1E
1056473;NL8CE
1052950;CJ38E
1056377;NP40J
1051700;BN50T
1050795;AV26E
1051020;CE57E
1053429;BN54T
1051624;CE55E
1057015;AVC8E
1051166;NL93E
1051177;SE79E
1050607;SE77V
1055304;NL95J
1054333;SN11J
1051563;SE76T
1051390;CEFDV
1056474;NL97E
1056428;SN16J
1051197;NK66T
1055822;NL98E
1051747;BN81T
1051749;BN81B
1053627;SN45E
1051651;BN80V
1055520;BN80E
1055209;CJ69J
1051882;BN85E
1050759;CYC0E
1052238;BN84E
1051420;NZE0E
1054944;CYC1J
1053196;NZE1T
1055436;NZE4E
1051355;NZE7E
1056034;NK9BE
1053341;AVFBE
1054681;CE89E
1056635;CYCBJ
1050840;NZEBE
1053751;AVFCE
1056523;NZEEE
1050631;NY1AE
1053011;CE8CE
1054170;NY1BT
1050547;SE95V
1051703;CY0BT
1051421;SE94T
1350062;NY03V
1054072;NY05T
1055145;CJ56E
1051567;AVE0V
1052921;NP62T
1051750;AV46B
1053431;NZD3E
1052024;AV44T
1050877;NYA1T
1050534;AV49V
1055571;AV49E
1350027;NY0EE
1051038;AV46T
1051061;CE79E
1055307;CJ62J
1350060;NP6AT
1050760;NY09T
1051354;NZDAE
1053907;AVEBE
1052109;AVEAE
1056391;AVEFJ
1054207;CJ60J
1200048;RY16V
1200073;RY15V
1200093;RH07V
1050206;RJ69V
1200106;RZ52V
1200094;RH18V
1200144;RZ5DV
1200142;RY39V
1200119;FR5CV
1200047;RX02V
1200049;RY34V
1200105;RM02V
1200005;RX16V
1200063;RX14V
1200065;RM13V
1200015;RM12V
1200010;RM11V
1200107;RH2AV
1200033;RB10V
1200004;RMB1V
1200064;RH36V
1200007;RM29V
1200034;RM28V
1200140;RX27V
1200129;RH3CV
1200137;RMC4V
1200039;RMC2V
1200146;RM21V
1200158;RM20V
1200089;RY61V
1200025;RX37V
1200021;RX38V
1200157;RY69V
1200115;RM37V
1200062;RY68V
1200116;RX33V
1200074;RY65V
1200076;RY64V
1200060;RM41V
1200070;RM49V
1200087;RM48V
1200134;RM47V
1200020;RM46V
1200081;RX44V
1200120;RM45V
1200059;RXE3V
1200130;RH5DV
1200045;RMF4V
1200041;RX52V
1200114;RMF1V
1050250;VT12V
1200090;RY8DV
1200014;RM57V
1200046;RW29V
1200018;RM55V
1200061;RX53V
1200079;RM54V
1200086;RX64V
1200040;RM65V
1200056;RY93V
1050190;RY91V
1200102;RM69V
1200055;RM66V
1200111;RX74V
1200069;RX71V
1200135;RM72V
1200108;RX70V
1200104;RM71V
1200099;RX78V
1200141;RX77V
1200026;RM78V
1050208;RK23V
1200091;RX80V
1200082;RM82V
1200028;RM80V
1200084;RX89V
1200139;RW66V
1200012;RM96V
1200088;RM94V
1200136;RM93V
1200017;RM92V
1200052;RM91V
1200003;RM90V
1200042;RJ08V
1200123;RJ17V
1200126;VT95V
1200145;RJ27V
1200024;RJ32V
1200077;RZ17V
1200075;RZC5V
1200043;RK70V
1200029;RZ39V
1200110;RZ3AV
1350038;NX22V
1350036;NX26V
1350037;NX25V
1350007;NA11V
1350066;NA05V
1350055;NA08V
1350032;NY41V
1350058;NX05V
1350008;NZ88V
1350047;NY44V
1350001;NZ76V
1050128;NP7EV
1050186;NZ4AV
1350054;NY1EV
1350040;NK95V
1350013;NYB6V
1050221;NY2BV
1350056;NZ28V
1350031;NK72V
1350033;NZ24V
1350016;NK88V
1350034;NK80V
1050185;NA86V
1350024;NW93V
1050193;NW98V
1350063;NW8BV
1350002;NZB1V
1350018;NP16V
1350017;NA76V
1350015;NX9DV
1350028;NK10V
1350010;NA46V
1350011;NK16V
1050248;BN01V
1350065;NA39V
1350005;NA56V
1350006;NA57V
1350025;NWF0V
1350003;NA50V
1350021;NK20V
1350043;NX4AV
1050129;NX4EV
1350022;NA17V
1350035;NA18V
1350064;NA19V
1350046;NA37V
1350030;NX61V
1350052;NWC9V
1500935;PV08E
1055108;MI49E
1500941;MB86E
1500707;PVA9E
1500619;PV07E
1500760;VA01E
1500978;COA6E
1501020;MB87E
1501281;MKC2E
1500512;VA01V
1501104;MX85E
1501120;LO3CE
1500652;BWFEE
1500899;COA3E
1500625;MYCFE
1500045;MI47V
1501114;VAA1E
1051940;SO2BE
1500228;MI44V
1500942;CRB2E
1500832;BE9BE
1500833;BE9CE
1500778;BEB4E
1501161;SO2CE
1500820;PV8CE
1500777;BEB3E
1500705;PV8BE
1500913;MQ39T
1500689;BE14E
1500616;PV01V
1501134;MB80E
1501252;PV01E
1500890;VA03E
1500927;SO2EE
1500994;CRB1E
1500794;BE9DE
1501093;CRB6E
1056922;CR9EE
1500823;BSC0E
1500300;MZ63V
1500863;BE15E
1500236;MK28V
1500779;BEB7E
1500284;MZ60V
1500694;BS21E
1055250;CR9CE
1500467;MWF8V
1056935;MW57E
1501011;BSC2E
1056921;CR9DE
1500967;CO91E
1056852;CR19E
1500879;LC0AE
1500586;BS25B
1500268;MW53V
1500608;BS25E
1500893;MQ3AT
1500487;BW60V
1500160;MLF6V
1500772;MX87E
1500574;LO3EB
1056860;LO3EE
1501147;LO31E
1501050;MZ59E
1500630;MLEBT
1500605;MX7DE
1501140;VA81E
1055613;BC2FE
1500746;BSB5E
1500773;MZF8T
1501051;SO20E
1500878;BWF4E
1500356;MZF7V
1500731;BW54E
1500150;MI3DV
1500813;MK17E
1055346;SO24E
1500338;MZF3V
1500277;MY20V
1500980;MN21E
1501229;BEACE
1500302;MK1EV
1501194;BC30T
1500987;MK1FE
1500309;MIE2V
1056854;CR95E
1055188;LC05E
1501217;MIE3T
1501163;BC32E
1056315;VA7EE
1500698;MQ35E
1500807;CRACE
1055348;CR93E
1055249;CR0BE
1500589;MZFAE
1500578;MQD7T
1500431;MIE1V
1056927;MKBCE
1500650;BSBCE
1500499;MQ33E
1055252;MW4EE
1501155;BC33E
1500310;MQ34V
1500632;CO01E
1501239;MKBAE
1500817;CR96E
1500473;MQ31V
1500601;CM28E
1501003;MN29E
1500846;CR98E
1500091;BS0CT
1500380;MX72V
1500806;BS94E
1056924;MI38E
1500907;BSADE
1056862;MI35E
1500529;BS0EE
1500866;MX71E
1500503;MQ29E
1500495;VS3FE
1056923;CRA1E
1500527;BS0FE
1500606;BEA1E
1500354;MZEBV
1500146;MI30V
1501039;BG68E
1500634;MI31E
1500138;MK97V
1500535;MQC9T
1055349;MLE9T
1056894;MZF2E
1055107;LC86E
1500771;MW48E
1500399;CR02V
1055798;BE03E
1500720;CRA5E
1500220;MZF2V
1501238;MK9CE
1501143;BC2AE
1500873;BEA8E
1500276;MX79V
1500669;CRA3E
1501299;BE05E
1055951;LC87E
1500011;ML47V
1500080;SO15V
1500636;MK11E
1500974;SO18E
1055248;BSB2E
1500881;CRA9E
1500572;CR08B
1055338;CR08E
1500721;CRA6E
1500094;BS13E
1500792;MX74E
1500148;MI39V
1501133;CRA7E
1500093;BS11V
1500145;MI2EV
1500593;MZE8T
1500767;MI2FE
1500684;PV75E
1501121;BC1EE
1500089;BS01V
1055339;MN12E
1500015;MICEV
1500973;PV73E
1500854;MNB4E
1501226;MNB5E
1500683;PV72E
1500977;BS8DE
1500418;BGFFV
1500796;BS06E
1500853;MNB3E
1500594;CO73B
1500837;BS09E
1500352;MZE1V
1500468;BS08V
1500723;MNB0E
1501233;BS08E
1500376;MICAV
1056925;MID0E
1056920;BWE8E
1500422;MQ26V
1500848;MK0EE
1501053;VA6FE
1500843;BWE7E
1500592;MQC5E
1500259;MK92V
1501016;BW48E
1500637;MQ24T
1055446;VA6DE
1500828;BC22E
1501095;MKABE
1500258;MK91V
1501044;MN19E
1501237;MK92E
1500743;CM19E
1501223;MZ49E
1500816;BSACE
1500685;PV77E
1501041;CM16E
1500875;BG60E
1055337;BS0AE
1055966;MQ20T
1500851;MN17E
1500401;MN17V
1500242;MK42V
1051552;CM4BE
1500714;BG0FE
1500303;MK43V
1500844;CR32E
1501006;VA22E
1500780;BED6E
1055138;MQFCE
1500901;ML75E
1500434;BE33E
1500902;MQFDT
1501092;CM4AE
1500928;VA24E
1500950;CO27E
1500366;MQ5BV
1500293;ML71V
1500752;BE36E
1500523;BED8E
1500882;MQFAE
1050484;BED6V
1500587;MB1EB
1500919;MB1EE
1500781;BED7E
1500883;MQFBE
1500563;MB1EV
1500322;MZ7FV
1500884;MI68E
1055110;MN4FE
1500528;PV24E
1500484;BED9E
1051707;PV24B
1500582;MYF4T
1500551;BG10E
1500279;MY54V
1500557;MX21E
1501007;MN52E
1500493;MYF3E
1500695;BS45E
1500826;BSE6E
1500565;BW80E
1500789;BG11E
1500624;PB07V
1500649;BS47E
1501100;MN50E
1051847;CM50E
1500849;MK48E
1500679;PB06E
1056893;MZ83E
1500951;BGB4T
1501034;PB05E
1500464;BW84V
1500753;BS48E
1055106;BG9FE
1500703;MZ81E
1056929;MKE8E
1500692;BG06E
1055876;VF02E
1500748;MW6EE
1500329;MQ54V
1055341;SO41E
1056930;ML6BE
1500395;MQ51V
1500260;ML6BV
1501231;BECCE
1501099;MN49E
1500364;MXB7V
1501258;BG07E
1500675;ML6DE
1501094;LO51E
1501105;MY46E
1500272;MX13V
1055093;CR2DE
1500026;MX14E
1500793;MXB5E
1500659;LC20E
1500122;MIFFV
1500229;MI5EV
1501170;LO50E
1500154;MI64V
1500756;COC1E
1500993;COC2E
1500590;MI66T
1500948;CR2EE
1500654;PVC3E
1500538;MZ7BT
1500957;VA19E
1056643;MQ57E
1501138;MI61E
1500891;VS63E
1500374;MI61V
1500580;MX19B
1500330;MQ55V
1500805;MX19E
1500622;VS61E
1056928;MKDFE
1500485;MQ56V
1056864;MI60E
1500954;BW7BE
1500984;BE20E
1500867;BG86E
1500307;MX97V
1500604;CO16V
1500440;CO13V
1500862;VAB2E
1501111;SO3AE
1500174;MX95V
1500829;BE21E
1500765;COB6E
1501117;VS5DE
1500830;BE24E
1500926;BEC6E
1500306;MX93V
1500546;MB0CE
1500811;CR24E
1501146;CRC2E
1500808;BSD0E
1500809;VA15E
1500400;PV12V
1500655;PV12E
1500915;MX91E
1500964;BGA0E
1500152;MI5DV
1501022;MN40E
1500269;MW69V
1500629;MYE1E
1500682;MZ72E
1500240;MK37V
1501110;PVBAE
1500241;MK38V
1500239;MK35V
1500377;ML68V
1500549;BG02E
1055967;MQ4ET
1500470;BW70V
1500328;MQ4EV
1500664;BSD6E
1500314;MW68V
1500585;BG01V
1500803;BW70E
1056892;MZ71E
1500058;MK36V
1500617;ML69T
1500296;MX98V
1500127;MK32V
1500681;BGA5T
1500552;BG04E
1500031;BGA5V
1500985;CR29E
1500910;MKD6E
1500238;MK34V
1500520;BW71V
1055347;BS27E
1500564;CO95E
1500325;MQ41V
1500660;LC10E
1501253;SO30E
1500621;PV99E
1501261;VS56E
1501000;MKCBE
1500141;ML5CV
1056891;MZ69E
1500920;BW65E
1501040;BS28E
1055109;MN37E
1500943;VA91E
1500477;MQ40E
1500006;MYD8E
1500827;CM33E
1056886;MXA2E
1500561;VS59E
1501008;MB02E
1500717;PVAEE
1055324;LO40E
1500097;BS29V
1500471;MY31V
1500392;BW69E
1500729;MI4CE
1500509;BW68T
1500759;MZ64E
1500480;MI4CV
1500949;VS58E
1055112;MN33E
1500887;MZ66E
1500861;SO35E
1500584;BE1DB
1501156;BC42E
1500611;PV11V
1500895;PVB2E
1500858;MYDBE
1500860;PV10E
1500573;MQ47T
1501178;LO49E
1500596;CM36E
1500983;PVB0E
1500326;MQ48V
1056912;VA08E
1501203;BC46E
1500486;MQ45V
1501019;LO48E
1500998;MK2EE
1500623;MQE7V
1500234;MIF1V
1055872;MQ43E
1500693;BG83E
1056275;PB27E
1500248;MK67V
1500230;MI8AV
1500709;VA49E
1501036;PB26E
1500787;BE55E
1500282;MZ1BV
1500249;MK68V
1500613;MZBCT
1500800;CR52E
1055836;ML98E
1501123;PB25E
1500133;MK64V
1501026;VA47E
1500246;MK65V
1501102;MW98E
1500247;MK66V
1501113;VA48E
1500672;PB23E
1056931;ML97E
1501186;PB22E
1500783;BS62E
1500678;PB21E
1500245;MK61V
1056276;PB20E
1500716;MW0CE
1500801;MY77E
1500072;MX45V
1501112;VA41E
1501160;VSA6E
1500819;VS8DE
1501131;BWBBE
1501047;MN76E
1500982;BWBEE
1500751;VSA3E
1500897;VAE0E
1501037;BE5AE
1501232;BG36E
1500274;MX43V
1500545;ML11E
1500894;LC51E
1056861;MI08E
1500576;MN77E
1500571;MN77B
1500762;BW1BE
1500651;BWBCT
1500273;MX40V
1500023;MI8EV
1501119;BWBFT
1055472;MN75E
1500602;MX41V
1501278;VA45E
1055611;PB29E
1501254;VA42E
1500905;VAE3T
1500904;BEFFE
1500292;MI8CV
1500750;PB28E
1056316;VSA8E
1500797;VS8FE
1050609;BG39E
1500965;BW1FE
1500505;MQ77V
1056645;MZ11E
1500335;MZB1V
1501132;CM66E
1500603;BEEEE
1500321;MZB2V
1500761;BW0FE
1500818;VA3EE
1500423;MWA7V
1500304;MW05V
1500169;MX38V
1501001;MKFFE
1500757;LC47E
1500666;MW8DE
1500900;MK5AT
1500507;MQ73E
1056313;LC41E
1500802;SO69E
1500139;MKFCV
1500262;MLA3V
1501260;MW8BE
1501043;LC44E
1500932;CR4EE
1500511;MQ70V
1500842;BWB0E
1500850;MLA4E
1500161;MW02V
1501242;MQ72T
1500953;BG2CE
1500158;MI88V
1500027;MX3BV
1500661;BEF0E
1500533;ML92E
1500961;VS83E
1500067;MW92V
1500504;MB3EE
1501145;BGCCE
1501243;MX3AE
1500615;MB3BE
1500359;MZB8V
1500812;PV45E
1055221;CO42E
1500791;MX3BE
1500452;BW9BT
1501107;MZ18E
1500289;MZB9E
1050865;CM6BE
1500559;VS87E
1500336;MZB7V
1500958;MI86E
1500556;BW17E
1500859;MZ13E
1500288;MZB4V
1501025;PV41E
1500052;MI83V
1500880;PV40E
1500997;MI84E
1500667;CO47E
1500841;BWA9E
1500508;MQ6FE
1500243;MK55V
1501030;MQ6EV
1501009;MZ90E
1500747;CR43E
1500562;CM5DT
1500730;BW06E
1055921;MK56T
1500865;VA34E
1055340;MQ6DE
1500639;BE46T
1500697;MK53E
1500555;BEE7E
1500687;VA36E
1055833;CR42E
1056312;BGC0E
1501096;MKF2E
1500745;BS50E
1500482;BE48V
1501028;CR47E
1500409;MB2FT
1500869;PV39E
1500715;BSF1E
1500500;MQ6CE
1500874;BEE9E
1500553;CM5EV
1056847;CM5FE
1500952;BG20E
1500189;MZ08V
1500962;MB2EE
1500193;MZ98V
1501144;BGC4E
1500795;BS55E
1500677;ML01E
1500087;MLA2V
1500945;MN64E
1500530;BWACE
1500628;BG24E
1500420;BWABV
1500050;MI7EV
1500285;MZ97V
1500810;BS56E
1501098;MLA1E
1500205;BS55V
1500663;BS59E
1500550;BG26E
1055670;MB30E
1500333;MZADV
1500691;BEEAE
1500497;MB30V
1500775;VA33E
1500631;MI7DE
1500835;BG25E
1500736;BEEDE
1500598;PB17E
1500244;MK57V
1500758;MW89E
1500287;MZABV
1500936;VA31E
1500969;MI7BE
1500318;MK58V
1500990;BE4BE
1500385;MZACV
1500501;BEDDE
1500609;MQ65V
1500479;MX28V
1500991;BGB9E
1501042;CR3BE
1500834;BG17E
1500735;BEDCT
1056779;MI70E
1500626;BW89E
1500988;MX27E
1500394;ML7DV
1500532;BEDEE
1500466;MQ64V
1500460;MXC9V
1500597;VS78V
1056876;MN58E
1500898;BSEAE
1500297;MXC6V
1500396;MQ61V
1500857;MY58E
1500701;MXC6E
1500558;MX26E
1500903;BE3FE
1500855;MQ62E
1500786;BSECE
1500514;MY56E
1500340;MXC3V
1501004;MN57E
1501033;MQ60T
1500670;PV2EE
1501124;MX2AE
1501184;MI77T
1500912;MN5EE
1500674;MZA8E
1056887;MZ08E
1500708;PVD6E
1500261;ML80V
1500156;MI77V
1500188;MYFCV
1501005;MN5CE
1500526;BW8AE
1500662;BS4EE
1500755;CO30E
1500320;MY5BT
1500435;BE40E
1500344;BW8CV
1500686;PVD3E
1500536;CO35T
1501015;BGBFE
1500804;MQ69E
1500696;BW8CE
1500461;BEE0V
1500665;BW02E
1500963;BG1DE
1056103;BGBEE
1500917;VA2BE
1500502;CO37E
1500728;PVD1E
1500892;PB0ET
1500763;BW8ET
1500768;MI71E
1500579;BEE2V
1055396;PB0DT
1500345;BW8DV
1500725;BW8DE
1056152;MNADE
1500210;MI25V
1500680;BG50E
1056879;MN95E
1500733;SO09E
1055564;BC13E
1501130;BC16E
1500839;BS83E
1501024;MN93E
1500324;MQ17V
1500483;MZDBV
1500785;BS87E
1500531;BWDBT
1500375;MIC2V
1500607;MQ18V
1500947;PB46E
1056102;BC17E
1500136;MK88V
1501262;MN91E
1500121;MIC3V
1055222;BS89E
1500255;MK84V
1500256;MK85V
1500713;VS2CE
1500831;BE7CE
1500517;MQ1CV
1500537;BWDFV
1500498;MQ1EE
1501221;VS28E
1055610;CM94E
1500591;SO01E
1501101;MW37E
1501222;BWDFE
1500588;SO01B
1501150;SO04E
1501167;BE7EE
1500583;MQBCE
1500633;MQBDT
1056869;MK8BE
1500123;MK02V
1500788;BE7DE
1501118;MI29E
1500266;MW31V
1501103;MX64E
1056274;BC1AE
1056934;MW31E
1500688;MNAFE
1500836;BS01E
1501249;MY95E
1501142;BC1CE
1501002;ML30E
1500970;MN97E
1500560;MI28E
1500889;SO07E
1500718;BC1BE
1500271;MWD1V
1500992;BS7AE
1500342;MZD6V
1500653;MN03E
1500290;MZD7V
1500972;PV62E
1500525;BC0BE
1500719;BWD0E
1500351;MZD3V
1500704;PV61E
1501135;MN01E
1500432;MZD5V
1500702;MY01E
1500888;PV60E
1500120;MIBDV
1500516;BC0DE
1501139;MZ30E
1500933;BG4BE
1500100;BS7DV
1500232;MIBAV
1500347;MQ0FV
1500640;MQAET
1500700;MX59E
1050657;MK7CE
1500539;BE70E
1056918;VS21E
1500264;MQ0DV
1052970;MX59V
1500657;MQB5E
1055614;VAFEE
1500135;MK83V
1500612;VAFBE
1500610;MWCCT
1500847;LO13E
1050639;MQ11T
1500253;MK80V
1501097;ML2CE
1500776;VA5AE
1500939;MLCDT
1501141;BWD8E
1500940;PB40E
1500627;MQB3T
1500825;PV68E
1501209;BE76E
1501052;SO86E
1501021;MN07E
1500975;SO85E
1500726;BC12E
1501177;BE77E
1501240;MN8FE
1500496;MZD9E
1500906;BS70E
1055251;MI9DE
1500191;MZ2DV
1500436;BE67V
1500350;MZCEV
1500732;MI9AE
1500337;MZCBV
1500824;BS73E
1052106;MZCCE
1500299;MK76V
1500515;MQA9T
1500876;BS72E
1500968;MI11E
1500294;MQ08V
1501236;MI12E
1500134;MK78V
1500784;BS71E
1500252;MK74V
1500856;MW1FE
1500250;MK72V
1500656;MQ8DE
1500877;BS77E
1056932;MQ03E
1501046;PB32E
1500754;BS76E
1500251;MK73V
1500599;MQ0BE
1500541;VAF4E
1501012;BG46E
1501116;VS16E
1500937;MQ0CE
1500966;CM82E
1500544;VAF5E
1500543;MLC7E
1500896;VAF2E
1500872;BE6CE
1500575;VAF2B
1500671;MQAAE
1056913;VA51E
1500764;BWCFE
1500908;CM85E
1500402;CM85V
1500934;PV5DE
1500946;BC0AE
1500542;VAF6E
1500119;MIB7V
1500976;BE6FE
1055776;YC99T
1500283;MZ22V
1055643;MZ23E
1500313;MW19V
1500491;MZC5T
1500774;PV50E
1500864;MI94E
1500190;MZ23V
1500581;CM76B
1500115;MI91V
1056853;CR5DE
1500956;MZ21E
1500312;MW18V
1500171;MX48V
1500618;CO52E
1500510;VS11V
1056865;MI90E
1054620;BS6BE
1050638;ML17T
1500311;MW13V
1500814;BW21E
1500979;ML15E
1500275;MX47V
1500699;MWB6E
1500658;MB4FT
1500870;CO57E
1500668;PV58E
1500782;BG3FE
1500554;VS99E
1501049;MZ27E
1500465;BE64V
1056899;SO73E
1055111;MN7CE
1500710;VA4CE
1500540;MB4AE
1055763;MI95T
1500614;BE65T
1500109;BW88V
1500175;MXC7V
1500182;MY5EV
1500155;MI75V
1500168;MX36V
1500129;MK59V
1500049;MI67V
1500305;MW77V
1500153;MI62V
1500101;BSE2V
1500022;MI69V
1500163;MW72V
1500208;BW81V
1500076;MYF5V
1500099;BS46V
1500108;BW87V
1500017;MIF7V
1500002;MI56V
1500018;MIF8V
1500005;MI53V
1500151;MI52V
1500070;MX09V
1500046;MI50V
1500029;MX99V
1500065;MW63V
1500047;MI57V
1500073;MX92V
1500048;MI58V
1500075;MY44V
1500166;MX10V
1500463;ML4AV
1500178;MY22V
1500096;BS1EV
1500095;BS1DV
1500197;MIE9V
1500008;MI48V
1500004;MX83V
1500033;BS20V
1500125;MK27V
1500179;MY30V
1500090;BS07V
1500144;MI2DV
1500030;BE83V
1500196;CO78V
1500088;MY11V
1500207;BW49V
1500054;MID2V
1500043;MI32V
1500137;MK96V
1500064;MW41V
1500092;BS0DV
1500044;MI37V
1500105;BW4BV
1500147;MI33V
1500383;MZ53V
1500106;BW51V
1500032;BS14V
1500078;MZ36V
1500194;VA62V
1500041;MI1BV
1500113;MI20V
1500086;MW29V
1500020;MXFFV
1500254;MK82V
1500195;MXFDV
1500009;MI27V
1500270;MWD0V
1500257;MK89V
1500042;MI24V
1500140;ML38V
1500235;MK01V
1500379;MQ1BV
1500063;MW34V
1500001;MI93V
1500117;MI97V
1500077;MZ28V
1500039;MI15V
1500112;MI16V
1500118;MIB5V
1500007;MI17V
1500172;MX52V
1500081;MI18V
1500130;MK5EV
1500209;MZ9AV
1500071;MX37V
1500165;MW93V
1500131;MK62V
1500382;MZ15V
1500035;MI03V
1500036;MI04V
1500034;MI01V
1500204;MI02V
1500053;MI8BV
1500132;MK63V
1500024;ML9DV
1500143;ML9EV
1500170;MX46V
1500104;BW1DV
1500038;MI07V
1500037;MI05V
1500315;MX42V
1500111;MI06V
1050402;WR9DV
